insert into campionato (nome,nazione) values ('Serie A', 'Italia');
insert into campionato (nome,nazione) values ('Premier League', 'Inghilterra');
insert into squadra(nome,stadio,città,trofei,nomeCampionato) values ('Atalanta','Gewiss Stadium','Bergamo',0,'Serie A');
insert into squadra(nome,stadio,città,trofei,nomeCampionato) values ('Bologna','Dall Ara','Bologna',7,'Serie A');
insert into squadra(nome,stadio,città,trofei,nomeCampionato) values ('Brescia','Mario Rigamonti','Brescia',0,'Serie A');
insert into squadra(nome,stadio,città,trofei,nomeCampionato) values ('Cagliari','Sardegna Arena','Cagliari',1,'Serie A');
insert into squadra(nome,stadio,città,trofei,nomeCampionato) values ('Fiorentina','Artemio Franchi','Firenze',2,'Serie A');
insert into squadra(nome,stadio,città,trofei,nomeCampionato) values ('Genoa','Marassi','Genova',9,'Serie A');
insert into squadra(nome,stadio,città,trofei,nomeCampionato) values ('Inter','San Siro','Milano',18,'Serie A');
insert into squadra(nome,stadio,città,trofei,nomeCampionato) values ('Juventus','Allianz Stadium','Torino',35,'Serie A');
insert into squadra(nome,stadio,città,trofei,nomeCampionato) values ('Lazio','Stadio Olimpico','Roma',2,'Serie A');
insert into squadra(nome,stadio,città,trofei,nomeCampionato) values ('Lecce','Via del Mare','Lecce',0,'Serie A');
insert into squadra(nome,stadio,città,trofei,nomeCampionato) values ('Milan','San Siro','Milano',18,'Serie A');
insert into squadra(nome,stadio,città,trofei,nomeCampionato) values ('Napoli','San Paolo','Napoli',2,'Serie A');
insert into squadra(nome,stadio,città,trofei,nomeCampionato) values ('Parma','Ennio Tardini','Parma',0,'Serie A');
insert into squadra(nome,stadio,città,trofei,nomeCampionato) values ('Roma','Stadio Olimpico','Roma',3,'Serie A');
insert into squadra(nome,stadio,città,trofei,nomeCampionato) values ('Sampdoria','Marassi','Genova',1,'Serie A');
insert into squadra(nome,stadio,città,trofei,nomeCampionato) values ('Sassuolo','Mapei Stadium','Sassuolo',0,'Serie A');
insert into squadra(nome,stadio,città,trofei,nomeCampionato) values ('Spal','Paolo Mazza','Ferrara',0,'Serie A');
insert into squadra(nome,stadio,città,trofei,nomeCampionato) values ('Torino','Grande Torino','Torino',7,'Serie A');
insert into squadra(nome,stadio,città,trofei,nomeCampionato) values ('Udinese','Dacia Arena','Udine',0,'Serie A');
insert into squadra(nome,stadio,città,trofei,nomeCampionato) values ('Verona','Marcantonio Bentegodi','Verona',1,'Serie A');
insert into squadra(nome,stadio,città,trofei,nomeCampionato) values ('Arsenal','Emirates Stadium','Londra',13,'Premier League');
insert into squadra(nome,stadio,città,trofei,nomeCampionato) values ('Aston Villa','Villa Park','Birmingham',7,'Premier League');
insert into squadra(nome,stadio,città,trofei,nomeCampionato) values ('Bournemouth','Dean Court','Bournemouth',0,'Premier League');
insert into squadra(nome,stadio,città,trofei,nomeCampionato) values ('Brighton','Falmer Stadium','Brighton',0,'Premier League');
insert into squadra(nome,stadio,città,trofei,nomeCampionato) values ('Burnley','Turf Moor','Burnley',2,'Premier League');
insert into squadra(nome,stadio,città,trofei,nomeCampionato) values ('Chelsea','Stamford Bridge','Londra',6,'Premier League');
insert into squadra(nome,stadio,città,trofei,nomeCampionato) values ('Crystal Palace','Selhurst Park','Londra',0,'Premier League');
insert into squadra(nome,stadio,città,trofei,nomeCampionato) values ('Everton','Goodison Park','Liverpool',9,'Premier League');
insert into squadra(nome,stadio,città,trofei,nomeCampionato) values ('Leicester','Leicester City Stadium','Leicester',1,'Premier League');
insert into squadra(nome,stadio,città,trofei,nomeCampionato) values ('Liverpool','Anfield','Liverpool',18,'Premier League');
insert into squadra(nome,stadio,città,trofei,nomeCampionato) values ('Manchester City','Etihad Stadium','Manchester',6,'Premier League');
insert into squadra(nome,stadio,città,trofei,nomeCampionato) values ('Manchester Utd','Old Trafford','Manchester',20,'Premier League');
insert into squadra(nome,stadio,città,trofei,nomeCampionato) values ('Newcastle','St James Park','Newcastle',4,'Premier League');
insert into squadra(nome,stadio,città,trofei,nomeCampionato) values ('Norwich','Carrow Road','Norwich',0,'Premier League');
insert into squadra(nome,stadio,città,trofei,nomeCampionato) values ('Sheffield United','Bramall Lane','Sheffield',1,'Premier League');
insert into squadra(nome,stadio,città,trofei,nomeCampionato) values ('Southampton','St Mary s Stadium','Southampton',0,'Premier League');
insert into squadra(nome,stadio,città,trofei,nomeCampionato) values ('Tottenham','Tottenham Hotspur Stadium','Londra',2,'Premier League');
insert into squadra(nome,stadio,città,trofei,nomeCampionato) values ('Watford','Vicarage Road','Watford',0,'Premier League');
insert into squadra(nome,stadio,città,trofei,nomeCampionato) values ('West Ham','Olympic Stadium','Londra',0,'Premier League');
insert into squadra(nome,stadio,città,trofei,nomeCampionato) values ('Wolves','Molineaux Stadium','Wolverhampton',3,'Premier League');
insert into classifica(stagione,nomeCampionato,nomeSquadra,punti,partitegiocate,vittorie,pareggi,sconfitte,golFatti,golSubiti) values (2020,'Serie A','Juventus',48,19,15,3,1,37,18);
insert into classifica(stagione,nomeCampionato,nomeSquadra,punti,partitegiocate,vittorie,pareggi,sconfitte,golFatti,golSubiti) values (2020,'Serie A','Inter',46,19,14,4,1,40,16);
insert into classifica(stagione,nomeCampionato,nomeSquadra,punti,partitegiocate,vittorie,pareggi,sconfitte,golFatti,golSubiti) values (2020,'Serie A','Lazio',42,18,13,3,1,41,17);
insert into classifica(stagione,nomeCampionato,nomeSquadra,punti,partitegiocate,vittorie,pareggi,sconfitte,golFatti,golSubiti) values (2020,'Serie A','Atalanta',35,19,10,5,4,49,26);
insert into classifica(stagione,nomeCampionato,nomeSquadra,punti,partitegiocate,vittorie,pareggi,sconfitte,golFatti,golSubiti) values (2020,'Serie A','Roma',35,19,10,5,4,34,21);
insert into classifica(stagione,nomeCampionato,nomeSquadra,punti,partitegiocate,vittorie,pareggi,sconfitte,golFatti,golSubiti) values (2020,'Serie A','Cagliari',29,19,8,5,6,33,29);
insert into classifica(stagione,nomeCampionato,nomeSquadra,punti,partitegiocate,vittorie,pareggi,sconfitte,golFatti,golSubiti) values (2020,'Serie A','Parma',28,19,8,4,7,26,25);
insert into classifica(stagione,nomeCampionato,nomeSquadra,punti,partitegiocate,vittorie,pareggi,sconfitte,golFatti,golSubiti) values (2020,'Serie A','Torino',27,19,8,3,8,25,26);
insert into classifica(stagione,nomeCampionato,nomeSquadra,punti,partitegiocate,vittorie,pareggi,sconfitte,golFatti,golSubiti) values (2020,'Serie A','Verona',25,18,7,4,7,21,21);
insert into classifica(stagione,nomeCampionato,nomeSquadra,punti,partitegiocate,vittorie,pareggi,sconfitte,golFatti,golSubiti) values (2020,'Serie A','Milan',25,19,7,4,8,18,24);
insert into classifica(stagione,nomeCampionato,nomeSquadra,punti,partitegiocate,vittorie,pareggi,sconfitte,golFatti,golSubiti) values (2020,'Serie A','Napoli',24,19,6,6,7,28,26);
insert into classifica(stagione,nomeCampionato,nomeSquadra,punti,partitegiocate,vittorie,pareggi,sconfitte,golFatti,golSubiti) values (2020,'Serie A','Udinese',24,19,7,3,9,17,28);
insert into classifica(stagione,nomeCampionato,nomeSquadra,punti,partitegiocate,vittorie,pareggi,sconfitte,golFatti,golSubiti) values (2020,'Serie A','Bologna',23,19,6,5,8,28,31);
insert into classifica(stagione,nomeCampionato,nomeSquadra,punti,partitegiocate,vittorie,pareggi,sconfitte,golFatti,golSubiti) values (2020,'Serie A','Fiorentina',21,19,5,6,8,23,29);
insert into classifica(stagione,nomeCampionato,nomeSquadra,punti,partitegiocate,vittorie,pareggi,sconfitte,golFatti,golSubiti) values (2020,'Serie A','Sassuolo',19,19,5,4,10,30,34);
insert into classifica(stagione,nomeCampionato,nomeSquadra,punti,partitegiocate,vittorie,pareggi,sconfitte,golFatti,golSubiti) values (2020,'Serie A','Sampdoria',19,19,5,4,10,19,28);
insert into classifica(stagione,nomeCampionato,nomeSquadra,punti,partitegiocate,vittorie,pareggi,sconfitte,golFatti,golSubiti) values (2020,'Serie A','Lecce',15,19,3,6,10,22,38);
insert into classifica(stagione,nomeCampionato,nomeSquadra,punti,partitegiocate,vittorie,pareggi,sconfitte,golFatti,golSubiti) values (2020,'Serie A','Genoa',14,19,3,5,11,20,38);
insert into classifica(stagione,nomeCampionato,nomeSquadra,punti,partitegiocate,vittorie,pareggi,sconfitte,golFatti,golSubiti) values (2020,'Serie A','Brescia',14,19,4,2,13,17,36);
insert into classifica(stagione,nomeCampionato,nomeSquadra,punti,partitegiocate,vittorie,pareggi,sconfitte,golFatti,golSubiti) values (2020,'Serie A','Spal',12,19,3,3,13,12,29);
insert into classifica(stagione,nomeCampionato,nomeSquadra,punti,partitegiocate,vittorie,pareggi,sconfitte,golFatti,golSubiti) values (2020,'Premier League','Liverpool',61,21,20,1,0,50,14);
insert into classifica(stagione,nomeCampionato,nomeSquadra,punti,partitegiocate,vittorie,pareggi,sconfitte,golFatti,golSubiti) values (2020,'Premier League','Manchester City',47,22,15,2,5,62,25);
insert into classifica(stagione,nomeCampionato,nomeSquadra,punti,partitegiocate,vittorie,pareggi,sconfitte,golFatti,golSubiti) values (2020,'Premier League','Leicester',45,22,14,3,5,47,21);
insert into classifica(stagione,nomeCampionato,nomeSquadra,punti,partitegiocate,vittorie,pareggi,sconfitte,golFatti,golSubiti) values (2020,'Premier League','Chelsea',39,22,12,3,7,39,29);
insert into classifica(stagione,nomeCampionato,nomeSquadra,punti,partitegiocate,vittorie,pareggi,sconfitte,golFatti,golSubiti) values (2020,'Premier League','Manchester Utd',34,22,9,7,6,36,25);
insert into classifica(stagione,nomeCampionato,nomeSquadra,punti,partitegiocate,vittorie,pareggi,sconfitte,golFatti,golSubiti) values (2020,'Premier League','Sheffield United',32,22,8,8,6,24,21);
insert into classifica(stagione,nomeCampionato,nomeSquadra,punti,partitegiocate,vittorie,pareggi,sconfitte,golFatti,golSubiti) values (2020,'Premier League','Wolves',31,22,7,10,5,31,28);
insert into classifica(stagione,nomeCampionato,nomeSquadra,punti,partitegiocate,vittorie,pareggi,sconfitte,golFatti,golSubiti) values (2020,'Premier League','Tottenham',30,22,8,6,8,36,31);
insert into classifica(stagione,nomeCampionato,nomeSquadra,punti,partitegiocate,vittorie,pareggi,sconfitte,golFatti,golSubiti) values (2020,'Premier League','Crystal Palace',29,22,7,8,7,20,24);
insert into classifica(stagione,nomeCampionato,nomeSquadra,punti,partitegiocate,vittorie,pareggi,sconfitte,golFatti,golSubiti) values (2020,'Premier League','Arsenal',28,22,6,10,6,29,31);
insert into classifica(stagione,nomeCampionato,nomeSquadra,punti,partitegiocate,vittorie,pareggi,sconfitte,golFatti,golSubiti) values (2020,'Premier League','Everton',28,22,8,4,10,25,32);
insert into classifica(stagione,nomeCampionato,nomeSquadra,punti,partitegiocate,vittorie,pareggi,sconfitte,golFatti,golSubiti) values (2020,'Premier League','Southampton',28,22,8,4,10,27,39);
insert into classifica(stagione,nomeCampionato,nomeSquadra,punti,partitegiocate,vittorie,pareggi,sconfitte,golFatti,golSubiti) values (2020,'Premier League','Newcastle',26,22,7,5,10,21,34);
insert into classifica(stagione,nomeCampionato,nomeSquadra,punti,partitegiocate,vittorie,pareggi,sconfitte,golFatti,golSubiti) values (2020,'Premier League','Brighton',24,22,6,6,10,25,30);
insert into classifica(stagione,nomeCampionato,nomeSquadra,punti,partitegiocate,vittorie,pareggi,sconfitte,golFatti,golSubiti) values (2020,'Premier League','Burnley',24,22,7,3,12,24,37);
insert into classifica(stagione,nomeCampionato,nomeSquadra,punti,partitegiocate,vittorie,pareggi,sconfitte,golFatti,golSubiti) values (2020,'Premier League','West Ham',22,21,6,4,11,25,33);
insert into classifica(stagione,nomeCampionato,nomeSquadra,punti,partitegiocate,vittorie,pareggi,sconfitte,golFatti,golSubiti) values (2020,'Premier League','Watford',22,22,5,7,10,20,34);
insert into classifica(stagione,nomeCampionato,nomeSquadra,punti,partitegiocate,vittorie,pareggi,sconfitte,golFatti,golSubiti) values (2020,'Premier League','Aston Villa',21,22,6,3,13,28,43);
insert into classifica(stagione,nomeCampionato,nomeSquadra,punti,partitegiocate,vittorie,pareggi,sconfitte,golFatti,golSubiti) values (2020,'Premier League','Bournemouth',20,22,5,5,12,20,35);
insert into classifica(stagione,nomeCampionato,nomeSquadra,punti,partitegiocate,vittorie,pareggi,sconfitte,golFatti,golSubiti) values (2020,'Premier League','Norwich',14,22,3,5,14,22,45);
insert into partita(codicePartita,giornata,squadraCasa,squadraTrasferta,golCasa,golTrasferta,data,ora,nomeCampionato) values ('2020SA001',1,'Parma','Juventus',0,1,'2019-08-24','18:00','Serie A');
insert into partita(codicePartita,giornata,squadraCasa,squadraTrasferta,golCasa,golTrasferta,data,ora,nomeCampionato) values ('2020SA002',1,'Fiorentina','Napoli',3,4,'2019-08-24','20:45','Serie A');
insert into partita(codicePartita,giornata,squadraCasa,squadraTrasferta,golCasa,golTrasferta,data,ora,nomeCampionato) values ('2020SA003',1,'Udinese','Milan',1,0,'2019-08-25','18:00','Serie A');
insert into partita(codicePartita,giornata,squadraCasa,squadraTrasferta,golCasa,golTrasferta,data,ora,nomeCampionato) values ('2020SA004',1,'Cagliari','Brescia',0,1,'2019-08-25','20:45','Serie A');
insert into partita(codicePartita,giornata,squadraCasa,squadraTrasferta,golCasa,golTrasferta,data,ora,nomeCampionato) values ('2020SA005',1,'Verona','Bologna',1,1,'2019-08-25','20:45','Serie A');
insert into partita(codicePartita,giornata,squadraCasa,squadraTrasferta,golCasa,golTrasferta,data,ora,nomeCampionato) values ('2020SA006',1,'Roma','Genoa',3,3,'2019-08-25','20:45','Serie A');
insert into partita(codicePartita,giornata,squadraCasa,squadraTrasferta,golCasa,golTrasferta,data,ora,nomeCampionato) values ('2020SA007',1,'Sampdoria','Lazio',0,3,'2019-08-25','20:45','Serie A');
insert into partita(codicePartita,giornata,squadraCasa,squadraTrasferta,golCasa,golTrasferta,data,ora,nomeCampionato) values ('2020SA008',1,'Spal','Atalanta',2,3,'2019-08-25','20:45','Serie A');
insert into partita(codicePartita,giornata,squadraCasa,squadraTrasferta,golCasa,golTrasferta,data,ora,nomeCampionato) values ('2020SA009',1,'Torino','Sassuolo',3,1,'2019-08-25','20:45','Serie A');
insert into partita(codicePartita,giornata,squadraCasa,squadraTrasferta,golCasa,golTrasferta,data,ora,nomeCampionato) values ('2020SA010',1,'Inter','Lecce',4,0,'2019-08-26','20:45','Serie A');
insert into partita(codicePartita,giornata,squadraCasa,squadraTrasferta,golCasa,golTrasferta,data,ora,nomeCampionato) values ('2020SA011',2,'Bologna','Spal',1,0,'2019-08-30','20:45','Serie A');
insert into partita(codicePartita,giornata,squadraCasa,squadraTrasferta,golCasa,golTrasferta,data,ora,nomeCampionato) values ('2020SA012',2,'Milan','Brescia',1,0,'2019-08-31','18:00','Serie A');
insert into partita(codicePartita,giornata,squadraCasa,squadraTrasferta,golCasa,golTrasferta,data,ora,nomeCampionato) values ('2020SA013',2,'Juventus','Napoli',4,3,'2019-08-31','20:45','Serie A');
insert into partita(codicePartita,giornata,squadraCasa,squadraTrasferta,golCasa,golTrasferta,data,ora,nomeCampionato) values ('2020SA014',2,'Lazio','Roma',1,1,'2019-09-01','18:00','Serie A');
insert into partita(codicePartita,giornata,squadraCasa,squadraTrasferta,golCasa,golTrasferta,data,ora,nomeCampionato) values ('2020SA015',2,'Atalanta','Torino',2,3,'2019-09-01','20:45','Serie A');
insert into partita(codicePartita,giornata,squadraCasa,squadraTrasferta,golCasa,golTrasferta,data,ora,nomeCampionato) values ('2020SA016',2,'Cagliari','Inter',1,2,'2019-09-01','20:45','Serie A');
insert into partita(codicePartita,giornata,squadraCasa,squadraTrasferta,golCasa,golTrasferta,data,ora,nomeCampionato) values ('2020SA017',2,'Genoa','Fiorentina',2,1,'2019-09-01','20:45','Serie A');
insert into partita(codicePartita,giornata,squadraCasa,squadraTrasferta,golCasa,golTrasferta,data,ora,nomeCampionato) values ('2020SA018',2,'Lecce','Verona',0,1,'2019-09-01','20:45','Serie A');
insert into partita(codicePartita,giornata,squadraCasa,squadraTrasferta,golCasa,golTrasferta,data,ora,nomeCampionato) values ('2020SA019',2,'Sassuolo','Sampdoria',4,1,'2019-09-01','20:45','Serie A');
insert into partita(codicePartita,giornata,squadraCasa,squadraTrasferta,golCasa,golTrasferta,data,ora,nomeCampionato) values ('2020SA020',2,'Udinese','Parma',1,3,'2019-09-01','20:45','Serie A');
insert into partita(codicePartita,giornata,squadraCasa,squadraTrasferta,golCasa,golTrasferta,data,ora,nomeCampionato) values ('2020SA021',3,'Fiorentina','Juventus',0,0,'2019-09-14','15:00','Serie A');
insert into partita(codicePartita,giornata,squadraCasa,squadraTrasferta,golCasa,golTrasferta,data,ora,nomeCampionato) values ('2020SA022',3,'Napoli','Sampdoria',2,0,'2019-09-14','18:00','Serie A');
insert into partita(codicePartita,giornata,squadraCasa,squadraTrasferta,golCasa,golTrasferta,data,ora,nomeCampionato) values ('2020SA023',3,'Inter','Udinese',1,0,'2019-09-14','20:45','Serie A');
insert into partita(codicePartita,giornata,squadraCasa,squadraTrasferta,golCasa,golTrasferta,data,ora,nomeCampionato) values ('2020SA024',3,'Genoa','Atalanta',1,2,'2019-09-15','12:30','Serie A');
insert into partita(codicePartita,giornata,squadraCasa,squadraTrasferta,golCasa,golTrasferta,data,ora,nomeCampionato) values ('2020SA025',3,'Brescia','Bologna',3,4,'2019-09-15','15:00','Serie A');
insert into partita(codicePartita,giornata,squadraCasa,squadraTrasferta,golCasa,golTrasferta,data,ora,nomeCampionato) values ('2020SA026',3,'Parma','Cagliari',1,3,'2019-09-15','15:00','Serie A');
insert into partita(codicePartita,giornata,squadraCasa,squadraTrasferta,golCasa,golTrasferta,data,ora,nomeCampionato) values ('2020SA027',3,'Spal','Lazio',2,1,'2019-09-15','15:00','Serie A');
insert into partita(codicePartita,giornata,squadraCasa,squadraTrasferta,golCasa,golTrasferta,data,ora,nomeCampionato) values ('2020SA028',3,'Roma','Sassuolo',4,2,'2019-09-15','18:00','Serie A');
insert into partita(codicePartita,giornata,squadraCasa,squadraTrasferta,golCasa,golTrasferta,data,ora,nomeCampionato) values ('2020SA029',3,'Verona','Milan',0,1,'2019-09-15','20:45','Serie A');
insert into partita(codicePartita,giornata,squadraCasa,squadraTrasferta,golCasa,golTrasferta,data,ora,nomeCampionato) values ('2020SA030',3,'Torino','Lecce',1,2,'2019-09-16','20:45','Serie A');
insert into partita(codicePartita,giornata,squadraCasa,squadraTrasferta,golCasa,golTrasferta,data,ora,nomeCampionato) values ('2020SA031',4,'Cagliari','Genoa',3,1,'2019-09-20','20:45','Serie A');
insert into partita(codicePartita,giornata,squadraCasa,squadraTrasferta,golCasa,golTrasferta,data,ora,nomeCampionato) values ('2020SA032',4,'Udinese','Brescia',0,1,'2019-09-21','15:00','Serie A');
insert into partita(codicePartita,giornata,squadraCasa,squadraTrasferta,golCasa,golTrasferta,data,ora,nomeCampionato) values ('2020SA033',4,'Juventus','Verona',2,1,'2019-09-21','18:00','Serie A');
insert into partita(codicePartita,giornata,squadraCasa,squadraTrasferta,golCasa,golTrasferta,data,ora,nomeCampionato) values ('2020SA034',4,'Milan','Inter',0,2,'2019-09-21','20:45','Serie A');
insert into partita(codicePartita,giornata,squadraCasa,squadraTrasferta,golCasa,golTrasferta,data,ora,nomeCampionato) values ('2020SA035',4,'Sassuolo','Spal',3,0,'2019-09-22','12:30','Serie A');
insert into partita(codicePartita,giornata,squadraCasa,squadraTrasferta,golCasa,golTrasferta,data,ora,nomeCampionato) values ('2020SA036',4,'Bologna','Roma',1,2,'2019-09-22','15:00','Serie A');
insert into partita(codicePartita,giornata,squadraCasa,squadraTrasferta,golCasa,golTrasferta,data,ora,nomeCampionato) values ('2020SA037',4,'Lecce','Napoli',1,4,'2019-09-22','15:00','Serie A');
insert into partita(codicePartita,giornata,squadraCasa,squadraTrasferta,golCasa,golTrasferta,data,ora,nomeCampionato) values ('2020SA038',4,'Sampdoria','Torino',1,0,'2019-09-22','15:00','Serie A');
insert into partita(codicePartita,giornata,squadraCasa,squadraTrasferta,golCasa,golTrasferta,data,ora,nomeCampionato) values ('2020SA039',4,'Atalanta','Fiorentina',2,2,'2019-09-22','18:00','Serie A');
insert into partita(codicePartita,giornata,squadraCasa,squadraTrasferta,golCasa,golTrasferta,data,ora,nomeCampionato) values ('2020SA040',4,'Lazio','Parma',2,0,'2019-09-22','20:45','Serie A');
insert into partita(codicePartita,giornata,squadraCasa,squadraTrasferta,golCasa,golTrasferta,data,ora,nomeCampionato) values ('2020SA041',5,'Verona','Udinese',0,0,'2019-09-24','19:00','Serie A');
insert into partita(codicePartita,giornata,squadraCasa,squadraTrasferta,golCasa,golTrasferta,data,ora,nomeCampionato) values ('2020SA042',5,'Brescia','Juventus',1,2,'2019-09-24','21:00','Serie A');
insert into partita(codicePartita,giornata,squadraCasa,squadraTrasferta,golCasa,golTrasferta,data,ora,nomeCampionato) values ('2020SA043',5,'Roma','Atalanta',0,2,'2019-09-25','19:00','Serie A');
insert into partita(codicePartita,giornata,squadraCasa,squadraTrasferta,golCasa,golTrasferta,data,ora,nomeCampionato) values ('2020SA044',5,'Fiorentina','Sampdoria',2,1,'2019-09-25','21:00','Serie A');
insert into partita(codicePartita,giornata,squadraCasa,squadraTrasferta,golCasa,golTrasferta,data,ora,nomeCampionato) values ('2020SA045',5,'Genoa','Bologna',0,0,'2019-09-25','21:00','Serie A');
insert into partita(codicePartita,giornata,squadraCasa,squadraTrasferta,golCasa,golTrasferta,data,ora,nomeCampionato) values ('2020SA046',5,'Inter','Lazio',1,0,'2019-09-25','21:00','Serie A');
insert into partita(codicePartita,giornata,squadraCasa,squadraTrasferta,golCasa,golTrasferta,data,ora,nomeCampionato) values ('2020SA047',5,'Napoli','Cagliari',0,1,'2019-09-25','21:00','Serie A');
insert into partita(codicePartita,giornata,squadraCasa,squadraTrasferta,golCasa,golTrasferta,data,ora,nomeCampionato) values ('2020SA048',5,'Parma','Sassuolo',1,0,'2019-09-25','21:00','Serie A');
insert into partita(codicePartita,giornata,squadraCasa,squadraTrasferta,golCasa,golTrasferta,data,ora,nomeCampionato) values ('2020SA049',5,'Spal','Lecce',1,3,'2019-09-25','21:00','Serie A');
insert into partita(codicePartita,giornata,squadraCasa,squadraTrasferta,golCasa,golTrasferta,data,ora,nomeCampionato) values ('2020SA050',5,'Torino','Milan',2,1,'2019-09-26','21:00','Serie A');
insert into partita(codicePartita,giornata,squadraCasa,squadraTrasferta,golCasa,golTrasferta,data,ora,nomeCampionato) values ('2020SA051',6,'Juventus','Spal',2,0,'2019-09-28','15:00','Serie A');
insert into partita(codicePartita,giornata,squadraCasa,squadraTrasferta,golCasa,golTrasferta,data,ora,nomeCampionato) values ('2020SA052',6,'Sampdoria','Inter',1,3,'2019-09-28','18:00','Serie A');
insert into partita(codicePartita,giornata,squadraCasa,squadraTrasferta,golCasa,golTrasferta,data,ora,nomeCampionato) values ('2020SA053',6,'Sassuolo','Atalanta',1,4,'2019-09-28','20:45','Serie A');
insert into partita(codicePartita,giornata,squadraCasa,squadraTrasferta,golCasa,golTrasferta,data,ora,nomeCampionato) values ('2020SA054',6,'Napoli','Brescia',2,1,'2019-09-29','12:30','Serie A');
insert into partita(codicePartita,giornata,squadraCasa,squadraTrasferta,golCasa,golTrasferta,data,ora,nomeCampionato) values ('2020SA055',6,'Lazio','Genoa',4,0,'2019-09-29','15:00','Serie A');
insert into partita(codicePartita,giornata,squadraCasa,squadraTrasferta,golCasa,golTrasferta,data,ora,nomeCampionato) values ('2020SA056',6,'Lecce','Roma',0,1,'2019-09-29','15:00','Serie A');
insert into partita(codicePartita,giornata,squadraCasa,squadraTrasferta,golCasa,golTrasferta,data,ora,nomeCampionato) values ('2020SA057',6,'Udinese','Bologna',1,0,'2019-09-29','15:00','Serie A');
insert into partita(codicePartita,giornata,squadraCasa,squadraTrasferta,golCasa,golTrasferta,data,ora,nomeCampionato) values ('2020SA058',6,'Cagliari','Verona',1,1,'2019-09-29','18:00','Serie A');
insert into partita(codicePartita,giornata,squadraCasa,squadraTrasferta,golCasa,golTrasferta,data,ora,nomeCampionato) values ('2020SA059',6,'Milan','Fiorentina',1,3,'2019-09-29','20:45','Serie A');
insert into partita(codicePartita,giornata,squadraCasa,squadraTrasferta,golCasa,golTrasferta,data,ora,nomeCampionato) values ('2020SA060',6,'Parma','Torino',3,2,'2019-09-30','20:45','Serie A');
insert into partita(codicePartita,giornata,squadraCasa,squadraTrasferta,golCasa,golTrasferta,data,ora,nomeCampionato) values ('2020SA061',7,'Spal','Parma',1,0,'2019-10-05','15:00','Serie A');
insert into partita(codicePartita,giornata,squadraCasa,squadraTrasferta,golCasa,golTrasferta,data,ora,nomeCampionato) values ('2020SA062',7,'Verona','Sampdoria',2,0,'2019-10-05','18:00','Serie A');
insert into partita(codicePartita,giornata,squadraCasa,squadraTrasferta,golCasa,golTrasferta,data,ora,nomeCampionato) values ('2020SA063',7,'Genoa','Milan',1,2,'2019-10-05','20:45','Serie A');
insert into partita(codicePartita,giornata,squadraCasa,squadraTrasferta,golCasa,golTrasferta,data,ora,nomeCampionato) values ('2020SA064',7,'Fiorentina','Udinese',1,0,'2019-10-06','12:30','Serie A');
insert into partita(codicePartita,giornata,squadraCasa,squadraTrasferta,golCasa,golTrasferta,data,ora,nomeCampionato) values ('2020SA065',7,'Atalanta','Lecce',3,1,'2019-10-06','15:00','Serie A');
insert into partita(codicePartita,giornata,squadraCasa,squadraTrasferta,golCasa,golTrasferta,data,ora,nomeCampionato) values ('2020SA066',7,'Bologna','Lazio',2,2,'2019-10-06','15:00','Serie A');
insert into partita(codicePartita,giornata,squadraCasa,squadraTrasferta,golCasa,golTrasferta,data,ora,nomeCampionato) values ('2020SA067',7,'Roma','Cagliari',1,1,'2019-10-06','15:00','Serie A');
insert into partita(codicePartita,giornata,squadraCasa,squadraTrasferta,golCasa,golTrasferta,data,ora,nomeCampionato) values ('2020SA068',7,'Torino','Napoli',0,0,'2019-10-06','18:00','Serie A');
insert into partita(codicePartita,giornata,squadraCasa,squadraTrasferta,golCasa,golTrasferta,data,ora,nomeCampionato) values ('2020SA069',7,'Inter','Juventus',1,2,'2019-10-06','20:45','Serie A');
insert into partita(codicePartita,giornata,squadraCasa,squadraTrasferta,golCasa,golTrasferta,data,ora,nomeCampionato) values ('2020SA070',7,'Brescia','Sassuolo',0,2,'2019-12-18','20:45','Serie A');
insert into partita(codicePartita,giornata,squadraCasa,squadraTrasferta,golCasa,golTrasferta,data,ora,nomeCampionato) values ('2020SA071',8,'Lazio','Atalanta',3,3,'2019-10-19','15:00','Serie A');
insert into partita(codicePartita,giornata,squadraCasa,squadraTrasferta,golCasa,golTrasferta,data,ora,nomeCampionato) values ('2020SA072',8,'Napoli','Verona',2,0,'2019-10-19','18:00','Serie A');
insert into partita(codicePartita,giornata,squadraCasa,squadraTrasferta,golCasa,golTrasferta,data,ora,nomeCampionato) values ('2020SA073',8,'Juventus','Bologna',2,1,'2019-10-19','20:45','Serie A');
insert into partita(codicePartita,giornata,squadraCasa,squadraTrasferta,golCasa,golTrasferta,data,ora,nomeCampionato) values ('2020SA074',8,'Sassuolo','Inter',3,4,'2019-10-20','12:30','Serie A');
insert into partita(codicePartita,giornata,squadraCasa,squadraTrasferta,golCasa,golTrasferta,data,ora,nomeCampionato) values ('2020SA075',8,'Cagliari','Spal',2,0,'2019-10-20','15:00','Serie A');
insert into partita(codicePartita,giornata,squadraCasa,squadraTrasferta,golCasa,golTrasferta,data,ora,nomeCampionato) values ('2020SA076',8,'Sampdoria','Roma',0,0,'2019-10-20','15:00','Serie A');
insert into partita(codicePartita,giornata,squadraCasa,squadraTrasferta,golCasa,golTrasferta,data,ora,nomeCampionato) values ('2020SA077',8,'Udinese','Torino',1,0,'2019-10-20','15:00','Serie A');
insert into partita(codicePartita,giornata,squadraCasa,squadraTrasferta,golCasa,golTrasferta,data,ora,nomeCampionato) values ('2020SA078',8,'Parma','Genoa',5,1,'2019-10-20','18:00','Serie A');
insert into partita(codicePartita,giornata,squadraCasa,squadraTrasferta,golCasa,golTrasferta,data,ora,nomeCampionato) values ('2020SA079',8,'Milan','Lecce',2,2,'2019-10-20','20:45','Serie A');
insert into partita(codicePartita,giornata,squadraCasa,squadraTrasferta,golCasa,golTrasferta,data,ora,nomeCampionato) values ('2020SA080',8,'Brescia','Fiorentina',0,0,'2019-10-21','20:45','Serie A');
insert into partita(codicePartita,giornata,squadraCasa,squadraTrasferta,golCasa,golTrasferta,data,ora,nomeCampionato) values ('2020SA081',9,'Verona','Sassuolo',0,1,'2019-10-25','20:45','Serie A');
insert into partita(codicePartita,giornata,squadraCasa,squadraTrasferta,golCasa,golTrasferta,data,ora,nomeCampionato) values ('2020SA082',9,'Lecce','Juventus',1,1,'2019-10-26','15:00','Serie A');
insert into partita(codicePartita,giornata,squadraCasa,squadraTrasferta,golCasa,golTrasferta,data,ora,nomeCampionato) values ('2020SA083',9,'Inter','Parma',2,2,'2019-10-26','18:00','Serie A');
insert into partita(codicePartita,giornata,squadraCasa,squadraTrasferta,golCasa,golTrasferta,data,ora,nomeCampionato) values ('2020SA084',9,'Genoa','Brescia',3,1,'2019-10-26','20:45','Serie A');
insert into partita(codicePartita,giornata,squadraCasa,squadraTrasferta,golCasa,golTrasferta,data,ora,nomeCampionato) values ('2020SA085',9,'Bologna','Sampdoria',2,1,'2019-10-27','12:30','Serie A');
insert into partita(codicePartita,giornata,squadraCasa,squadraTrasferta,golCasa,golTrasferta,data,ora,nomeCampionato) values ('2020SA086',9,'Atalanta','Udinese',7,1,'2019-10-27','15:00','Serie A');
insert into partita(codicePartita,giornata,squadraCasa,squadraTrasferta,golCasa,golTrasferta,data,ora,nomeCampionato) values ('2020SA087',9,'Spal','Napoli',1,1,'2019-10-27','15:00','Serie A');
insert into partita(codicePartita,giornata,squadraCasa,squadraTrasferta,golCasa,golTrasferta,data,ora,nomeCampionato) values ('2020SA088',9,'Torino','Cagliari',1,1,'2019-10-27','15:00','Serie A');
insert into partita(codicePartita,giornata,squadraCasa,squadraTrasferta,golCasa,golTrasferta,data,ora,nomeCampionato) values ('2020SA089',9,'Roma','Milan',2,1,'2019-10-27','18:00','Serie A');
insert into partita(codicePartita,giornata,squadraCasa,squadraTrasferta,golCasa,golTrasferta,data,ora,nomeCampionato) values ('2020SA090',9,'Fiorentina','Lazio',1,2,'2019-10-27','20:45','Serie A');
insert into partita(codicePartita,giornata,squadraCasa,squadraTrasferta,golCasa,golTrasferta,data,ora,nomeCampionato) values ('2020SA091',10,'Parma','Verona',0,1,'2019-10-29','19:00','Serie A');
insert into partita(codicePartita,giornata,squadraCasa,squadraTrasferta,golCasa,golTrasferta,data,ora,nomeCampionato) values ('2020SA092',10,'Brescia','Inter',1,2,'2019-10-29','21:00','Serie A');
insert into partita(codicePartita,giornata,squadraCasa,squadraTrasferta,golCasa,golTrasferta,data,ora,nomeCampionato) values ('2020SA093',10,'Napoli','Atalanta',2,2,'2019-10-30','19:00','Serie A');
insert into partita(codicePartita,giornata,squadraCasa,squadraTrasferta,golCasa,golTrasferta,data,ora,nomeCampionato) values ('2020SA094',10,'Cagliari','Bologna',3,2,'2019-10-30','21:00','Serie A');
insert into partita(codicePartita,giornata,squadraCasa,squadraTrasferta,golCasa,golTrasferta,data,ora,nomeCampionato) values ('2020SA095',10,'Juventus','Genoa',2,1,'2019-10-30','21:00','Serie A');
insert into partita(codicePartita,giornata,squadraCasa,squadraTrasferta,golCasa,golTrasferta,data,ora,nomeCampionato) values ('2020SA096',10,'Lazio','Torino',4,0,'2019-10-30','21:00','Serie A');
insert into partita(codicePartita,giornata,squadraCasa,squadraTrasferta,golCasa,golTrasferta,data,ora,nomeCampionato) values ('2020SA097',10,'Sampdoria','Lecce',1,1,'2019-10-30','21:00','Serie A');
insert into partita(codicePartita,giornata,squadraCasa,squadraTrasferta,golCasa,golTrasferta,data,ora,nomeCampionato) values ('2020SA098',10,'Sassuolo','Fiorentina',1,2,'2019-10-30','21:00','Serie A');
insert into partita(codicePartita,giornata,squadraCasa,squadraTrasferta,golCasa,golTrasferta,data,ora,nomeCampionato) values ('2020SA099',10,'Udinese','Roma',0,4,'2019-10-30','21:00','Serie A');
insert into partita(codicePartita,giornata,squadraCasa,squadraTrasferta,golCasa,golTrasferta,data,ora,nomeCampionato) values ('2020SA100',10,'Milan','Spal',1,0,'2019-10-31','21:00','Serie A');
insert into partita(codicePartita,giornata,squadraCasa,squadraTrasferta,golCasa,golTrasferta,data,ora,nomeCampionato) values ('2020SA101',11,'Roma','Napoli',2,1,'2019-11-02','15:00','Serie A');
insert into partita(codicePartita,giornata,squadraCasa,squadraTrasferta,golCasa,golTrasferta,data,ora,nomeCampionato) values ('2020SA102',11,'Bologna','Inter',1,2,'2019-11-02','18:00','Serie A');
insert into partita(codicePartita,giornata,squadraCasa,squadraTrasferta,golCasa,golTrasferta,data,ora,nomeCampionato) values ('2020SA103',11,'Torino','Juventus',0,1,'2019-11-02','20:45','Serie A');
insert into partita(codicePartita,giornata,squadraCasa,squadraTrasferta,golCasa,golTrasferta,data,ora,nomeCampionato) values ('2020SA104',11,'Atalanta','Cagliari',0,2,'2019-11-03','12:30','Serie A');
insert into partita(codicePartita,giornata,squadraCasa,squadraTrasferta,golCasa,golTrasferta,data,ora,nomeCampionato) values ('2020SA105',11,'Genoa','Udinese',1,3,'2019-11-03','15:00','Serie A');
insert into partita(codicePartita,giornata,squadraCasa,squadraTrasferta,golCasa,golTrasferta,data,ora,nomeCampionato) values ('2020SA106',11,'Verona','Brescia',2,1,'2019-11-03','15:00','Serie A');
insert into partita(codicePartita,giornata,squadraCasa,squadraTrasferta,golCasa,golTrasferta,data,ora,nomeCampionato) values ('2020SA107',11,'Lecce','Sassuolo',2,2,'2019-10-03','15:00','Serie A');
insert into partita(codicePartita,giornata,squadraCasa,squadraTrasferta,golCasa,golTrasferta,data,ora,nomeCampionato) values ('2020SA108',11,'Fiorentina','Parma',1,1,'2019-10-03','18:00','Serie A');
insert into partita(codicePartita,giornata,squadraCasa,squadraTrasferta,golCasa,golTrasferta,data,ora,nomeCampionato) values ('2020SA109',11,'Milan','Lazio',1,2,'2019-10-03','20:45','Serie A');
insert into partita(codicePartita,giornata,squadraCasa,squadraTrasferta,golCasa,golTrasferta,data,ora,nomeCampionato) values ('2020SA110',11,'Spal','Sampdoria',0,1,'2019-10-04','20:45','Serie A');
insert into partita(codicePartita,giornata,squadraCasa,squadraTrasferta,golCasa,golTrasferta,data,ora,nomeCampionato) values ('2020SA111',12,'Sassuolo','Bologna',3,1,'2019-11-08','20:45','Serie A');
insert into partita(codicePartita,giornata,squadraCasa,squadraTrasferta,golCasa,golTrasferta,data,ora,nomeCampionato) values ('2020SA112',12,'Brescia','Torino',0,4,'2019-11-09','15:00','Serie A');
insert into partita(codicePartita,giornata,squadraCasa,squadraTrasferta,golCasa,golTrasferta,data,ora,nomeCampionato) values ('2020SA113',12,'Inter','Verona',2,1,'2019-11-09','18:00','Serie A');
insert into partita(codicePartita,giornata,squadraCasa,squadraTrasferta,golCasa,golTrasferta,data,ora,nomeCampionato) values ('2020SA114',12,'Napoli','Genoa',0,0,'2019-11-09','20:45','Serie A');
insert into partita(codicePartita,giornata,squadraCasa,squadraTrasferta,golCasa,golTrasferta,data,ora,nomeCampionato) values ('2020SA115',12,'Cagliari','Fiorentina',5,2,'2019-11-10','12:30','Serie A');
insert into partita(codicePartita,giornata,squadraCasa,squadraTrasferta,golCasa,golTrasferta,data,ora,nomeCampionato) values ('2020SA116',12,'Lazio','Lecce',4,2,'2019-11-10','15:00','Serie A');
insert into partita(codicePartita,giornata,squadraCasa,squadraTrasferta,golCasa,golTrasferta,data,ora,nomeCampionato) values ('2020SA117',12,'Sampdoria','Atalanta',0,0,'2019-11-10','15:00','Serie A');
insert into partita(codicePartita,giornata,squadraCasa,squadraTrasferta,golCasa,golTrasferta,data,ora,nomeCampionato) values ('2020SA118',12,'Udinese','Spal',0,0,'2019-11-10','15:00','Serie A');
insert into partita(codicePartita,giornata,squadraCasa,squadraTrasferta,golCasa,golTrasferta,data,ora,nomeCampionato) values ('2020SA119',12,'Parma','Roma',2,0,'2019-11-10','18:00','Serie A');
insert into partita(codicePartita,giornata,squadraCasa,squadraTrasferta,golCasa,golTrasferta,data,ora,nomeCampionato) values ('2020SA120',12,'Juventus','Milan',1,0,'2019-11-10','20:45','Serie A');
insert into partita(codicePartita,giornata,squadraCasa,squadraTrasferta,golCasa,golTrasferta,data,ora,nomeCampionato) values ('2020SA121',13,'Atalanta','Juventus',1,3,'2019-11-23','15:00','Serie A');
insert into partita(codicePartita,giornata,squadraCasa,squadraTrasferta,golCasa,golTrasferta,data,ora,nomeCampionato) values ('2020SA122',13,'Milan','Napoli',1,1,'2019-11-23','18:00','Serie A');
insert into partita(codicePartita,giornata,squadraCasa,squadraTrasferta,golCasa,golTrasferta,data,ora,nomeCampionato) values ('2020SA123',13,'Torino','Inter',0,3,'2019-11-23','20:45','Serie A');
insert into partita(codicePartita,giornata,squadraCasa,squadraTrasferta,golCasa,golTrasferta,data,ora,nomeCampionato) values ('2020SA124',13,'Bologna','Parma',2,2,'2019-11-24','12:30','Serie A');
insert into partita(codicePartita,giornata,squadraCasa,squadraTrasferta,golCasa,golTrasferta,data,ora,nomeCampionato) values ('2020SA125',13,'Verona','Fiorentina',1,0,'2019-11-24','15:00','Serie A');
insert into partita(codicePartita,giornata,squadraCasa,squadraTrasferta,golCasa,golTrasferta,data,ora,nomeCampionato) values ('2020SA126',13,'Roma','Brescia',3,0,'2019-11-24','15:00','Serie A');
insert into partita(codicePartita,giornata,squadraCasa,squadraTrasferta,golCasa,golTrasferta,data,ora,nomeCampionato) values ('2020SA127',13,'Sassuolo','Lazio',1,2,'2019-11-24','15:00','Serie A');
insert into partita(codicePartita,giornata,squadraCasa,squadraTrasferta,golCasa,golTrasferta,data,ora,nomeCampionato) values ('2020SA128',13,'Sampdoria','Udinese',2,1,'2019-11-24','18:00','Serie A');
insert into partita(codicePartita,giornata,squadraCasa,squadraTrasferta,golCasa,golTrasferta,data,ora,nomeCampionato) values ('2020SA129',13,'Lecce','Cagliari',2,2,'2019-11-25','15:00','Serie A');
insert into partita(codicePartita,giornata,squadraCasa,squadraTrasferta,golCasa,golTrasferta,data,ora,nomeCampionato) values ('2020SA130',13,'Spal','Genoa',1,1,'2019-11-25','20:45','Serie A');
insert into partita(codicePartita,giornata,squadraCasa,squadraTrasferta,golCasa,golTrasferta,data,ora,nomeCampionato) values ('2020SA131',14,'Brescia','Atalanta',0,3,'2019-11-30','15:00','Serie A');
insert into partita(codicePartita,giornata,squadraCasa,squadraTrasferta,golCasa,golTrasferta,data,ora,nomeCampionato) values ('2020SA132',14,'Genoa','Torino',0,1,'2019-11-30','18:00','Serie A');
insert into partita(codicePartita,giornata,squadraCasa,squadraTrasferta,golCasa,golTrasferta,data,ora,nomeCampionato) values ('2020SA133',14,'Fiorentina','Lecce',0,1,'2019-11-30','20:45','Serie A');
insert into partita(codicePartita,giornata,squadraCasa,squadraTrasferta,golCasa,golTrasferta,data,ora,nomeCampionato) values ('2020SA134',14,'Juventus','Sassuolo',2,2,'2019-12-01','12:30','Serie A');
insert into partita(codicePartita,giornata,squadraCasa,squadraTrasferta,golCasa,golTrasferta,data,ora,nomeCampionato) values ('2020SA135',14,'Inter','Spal',2,1,'2019-12-01','15:00','Serie A');
insert into partita(codicePartita,giornata,squadraCasa,squadraTrasferta,golCasa,golTrasferta,data,ora,nomeCampionato) values ('2020SA136',14,'Lazio','Udinese',3,0,'2019-12-01','15:00','Serie A');
insert into partita(codicePartita,giornata,squadraCasa,squadraTrasferta,golCasa,golTrasferta,data,ora,nomeCampionato) values ('2020SA137',14,'Parma','Milan',0,1,'2019-12-01','15:00','Serie A');
insert into partita(codicePartita,giornata,squadraCasa,squadraTrasferta,golCasa,golTrasferta,data,ora,nomeCampionato) values ('2020SA138',14,'Napoli','Bologna',1,2,'2019-12-01','18:00','Serie A');
insert into partita(codicePartita,giornata,squadraCasa,squadraTrasferta,golCasa,golTrasferta,data,ora,nomeCampionato) values ('2020SA139',14,'Verona','Roma',1,3,'2019-12-01','20:45','Serie A');
insert into partita(codicePartita,giornata,squadraCasa,squadraTrasferta,golCasa,golTrasferta,data,ora,nomeCampionato) values ('2020SA140',14,'Cagliari','Sampdoria',4,3,'2019-12-02','20:45','Serie A');
insert into partita(codicePartita,giornata,squadraCasa,squadraTrasferta,golCasa,golTrasferta,data,ora,nomeCampionato) values ('2020SA141',15,'Inter','Roma',0,0,'2019-12-06','20:45','Serie A');
insert into partita(codicePartita,giornata,squadraCasa,squadraTrasferta,golCasa,golTrasferta,data,ora,nomeCampionato) values ('2020SA142',15,'Atalanta','Verona',3,2,'2019-12-07','15:00','Serie A');
insert into partita(codicePartita,giornata,squadraCasa,squadraTrasferta,golCasa,golTrasferta,data,ora,nomeCampionato) values ('2020SA143',15,'Udinese','Napoli',1,1,'2019-12-07','18:00','Serie A');
insert into partita(codicePartita,giornata,squadraCasa,squadraTrasferta,golCasa,golTrasferta,data,ora,nomeCampionato) values ('2020SA144',15,'Lazio','Juventus',3,1,'2019-12-07','20:45','Serie A');
insert into partita(codicePartita,giornata,squadraCasa,squadraTrasferta,golCasa,golTrasferta,data,ora,nomeCampionato) values ('2020SA145',15,'Lecce','Genoa',2,2,'2019-12-08','12:30','Serie A');
insert into partita(codicePartita,giornata,squadraCasa,squadraTrasferta,golCasa,golTrasferta,data,ora,nomeCampionato) values ('2020SA146',15,'Sassuolo','Cagliari',2,2,'2019-12-08','15:00','Serie A');
insert into partita(codicePartita,giornata,squadraCasa,squadraTrasferta,golCasa,golTrasferta,data,ora,nomeCampionato) values ('2020SA147',15,'Spal','Brescia',0,1,'2019-12-08','15:00','Serie A');
insert into partita(codicePartita,giornata,squadraCasa,squadraTrasferta,golCasa,golTrasferta,data,ora,nomeCampionato) values ('2020SA148',15,'Torino','Fiorentina',2,1,'2019-12-08','15:00','Serie A');
insert into partita(codicePartita,giornata,squadraCasa,squadraTrasferta,golCasa,golTrasferta,data,ora,nomeCampionato) values ('2020SA149',15,'Sampdoria','Parma',0,1,'2019-12-08','18:00','Serie A');
insert into partita(codicePartita,giornata,squadraCasa,squadraTrasferta,golCasa,golTrasferta,data,ora,nomeCampionato) values ('2020SA150',15,'Bologna','Milan',2,3,'2019-12-08','20:45','Serie A');
insert into partita(codicePartita,giornata,squadraCasa,squadraTrasferta,golCasa,golTrasferta,data,ora,nomeCampionato) values ('2020SA151',16,'Brescia','Lecce',3,0,'2019-12-14','15:00','Serie A');
insert into partita(codicePartita,giornata,squadraCasa,squadraTrasferta,golCasa,golTrasferta,data,ora,nomeCampionato) values ('2020SA152',16,'Napoli','Parma',1,2,'2019-12-14','18:30','Serie A');
insert into partita(codicePartita,giornata,squadraCasa,squadraTrasferta,golCasa,golTrasferta,data,ora,nomeCampionato) values ('2020SA153',16,'Genoa','Sampdoria',0,1,'2019-12-14','20:45','Serie A');
insert into partita(codicePartita,giornata,squadraCasa,squadraTrasferta,golCasa,golTrasferta,data,ora,nomeCampionato) values ('2020SA154',16,'Verona','Torino',3,3,'2019-12-15','12:30','Serie A');
insert into partita(codicePartita,giornata,squadraCasa,squadraTrasferta,golCasa,golTrasferta,data,ora,nomeCampionato) values ('2020SA155',16,'Bologna','Atalanta',2,1,'2019-12-15','15:00','Serie A');
insert into partita(codicePartita,giornata,squadraCasa,squadraTrasferta,golCasa,golTrasferta,data,ora,nomeCampionato) values ('2020SA156',16,'Juventus','Udinese',3,1,'2019-12-15','15:00','Serie A');
insert into partita(codicePartita,giornata,squadraCasa,squadraTrasferta,golCasa,golTrasferta,data,ora,nomeCampionato) values ('2020SA157',16,'Milan','Sassuolo',0,0,'2019-12-15','15:00','Serie A');
insert into partita(codicePartita,giornata,squadraCasa,squadraTrasferta,golCasa,golTrasferta,data,ora,nomeCampionato) values ('2020SA158',16,'Roma','Spal',3,1,'2019-12-15','18:00','Serie A');
insert into partita(codicePartita,giornata,squadraCasa,squadraTrasferta,golCasa,golTrasferta,data,ora,nomeCampionato) values ('2020SA159',16,'Fiorentina','Inter',1,1,'2019-12-15','20:45','Serie A');
insert into partita(codicePartita,giornata,squadraCasa,squadraTrasferta,golCasa,golTrasferta,data,ora,nomeCampionato) values ('2020SA160',16,'Cagliari','Lazio',1,2,'2019-12-16','20:45','Serie A');
insert into partita(codicePartita,giornata,squadraCasa,squadraTrasferta,golCasa,golTrasferta,data,ora,nomeCampionato) values ('2020SA161',17,'Sampdoria','Juventus',1,2,'2019-12-18','18:55','Serie A');
insert into partita(codicePartita,giornata,squadraCasa,squadraTrasferta,golCasa,golTrasferta,data,ora,nomeCampionato) values ('2020SA162',17,'Fiorentina','Roma',1,4,'2019-12-20','20:45','Serie A');
insert into partita(codicePartita,giornata,squadraCasa,squadraTrasferta,golCasa,golTrasferta,data,ora,nomeCampionato) values ('2020SA163',17,'Udinese','Cagliari',2,1,'2019-12-21','15:00','Serie A');
insert into partita(codicePartita,giornata,squadraCasa,squadraTrasferta,golCasa,golTrasferta,data,ora,nomeCampionato) values ('2020SA164',17,'Inter','Genoa',4,0,'2019-12-21','18:00','Serie A');
insert into partita(codicePartita,giornata,squadraCasa,squadraTrasferta,golCasa,golTrasferta,data,ora,nomeCampionato) values ('2020SA165',17,'Torino','Spal',1,2,'2019-12-21','20:45','Serie A');
insert into partita(codicePartita,giornata,squadraCasa,squadraTrasferta,golCasa,golTrasferta,data,ora,nomeCampionato) values ('2020SA166',17,'Atalanta','Milan',5,0,'2019-12-22','12:30','Serie A');
insert into partita(codicePartita,giornata,squadraCasa,squadraTrasferta,golCasa,golTrasferta,data,ora,nomeCampionato) values ('2020SA167',17,'Lecce','Bologna',2,3,'2019-12-22','15:00','Serie A');
insert into partita(codicePartita,giornata,squadraCasa,squadraTrasferta,golCasa,golTrasferta,data,ora,nomeCampionato) values ('2020SA168',17,'Parma','Brescia',1,1,'2019-12-22','15:00','Serie A');
insert into partita(codicePartita,giornata,squadraCasa,squadraTrasferta,golCasa,golTrasferta,data,ora,nomeCampionato) values ('2020SA169',17,'Sassuolo','Napoli',1,2,'2019-12-22','20:45','Serie A');
insert into partita(codicePartita,giornata,squadraCasa,squadraTrasferta,golCasa,golTrasferta,data,ora,nomeCampionato) values ('2020SA170',17,'Lazio','Verona',NULL,NULL,'2020-02-05','20:45','Serie A');
insert into partita(codicePartita,giornata,squadraCasa,squadraTrasferta,golCasa,golTrasferta,data,ora,nomeCampionato) values ('2020SA171',18,'Brescia','Lazio',1,2,'2020-01-05','12:30','Serie A');
insert into partita(codicePartita,giornata,squadraCasa,squadraTrasferta,golCasa,golTrasferta,data,ora,nomeCampionato) values ('2020SA172',18,'Spal','Verona',0,2,'2020-01-05','15:00','Serie A');
insert into partita(codicePartita,giornata,squadraCasa,squadraTrasferta,golCasa,golTrasferta,data,ora,nomeCampionato) values ('2020SA173',18,'Genoa','Sassuolo',2,1,'2020-01-05','18:00','Serie A');
insert into partita(codicePartita,giornata,squadraCasa,squadraTrasferta,golCasa,golTrasferta,data,ora,nomeCampionato) values ('2020SA174',18,'Roma','Torino',0,2,'2020-01-05','20:45','Serie A');
insert into partita(codicePartita,giornata,squadraCasa,squadraTrasferta,golCasa,golTrasferta,data,ora,nomeCampionato) values ('2020SA175',18,'Bologna','Fiorentina',1,1,'2020-01-06','12:30','Serie A');
insert into partita(codicePartita,giornata,squadraCasa,squadraTrasferta,golCasa,golTrasferta,data,ora,nomeCampionato) values ('2020SA176',18,'Atalanta','Parma',5,0,'2020-01-06','15:00','Serie A');
insert into partita(codicePartita,giornata,squadraCasa,squadraTrasferta,golCasa,golTrasferta,data,ora,nomeCampionato) values ('2020SA177',18,'Juventus','Cagliari',4,0,'2020-01-06','15:00','Serie A');
insert into partita(codicePartita,giornata,squadraCasa,squadraTrasferta,golCasa,golTrasferta,data,ora,nomeCampionato) values ('2020SA178',18,'Milan','Sampdoria',0,0,'2020-01-06','15:00','Serie A');
insert into partita(codicePartita,giornata,squadraCasa,squadraTrasferta,golCasa,golTrasferta,data,ora,nomeCampionato) values ('2020SA179',18,'Lecce','Udinese',0,1,'2020-01-06','18:00','Serie A');
insert into partita(codicePartita,giornata,squadraCasa,squadraTrasferta,golCasa,golTrasferta,data,ora,nomeCampionato) values ('2020SA180',18,'Napoli','Inter',1,3,'2020-01-06','20:45','Serie A');
insert into partita(codicePartita,giornata,squadraCasa,squadraTrasferta,golCasa,golTrasferta,data,ora,nomeCampionato) values ('2020SA181',19,'Cagliari','Milan',0,2,'2020-01-11','15:00','Serie A');
insert into partita(codicePartita,giornata,squadraCasa,squadraTrasferta,golCasa,golTrasferta,data,ora,nomeCampionato) values ('2020SA182',19,'Lazio','Napoli',1,0,'2020-01-11','18:00','Serie A');
insert into partita(codicePartita,giornata,squadraCasa,squadraTrasferta,golCasa,golTrasferta,data,ora,nomeCampionato) values ('2020SA183',19,'Inter','Atalanta',1,1,'2020-01-11','20:45','Serie A');
insert into partita(codicePartita,giornata,squadraCasa,squadraTrasferta,golCasa,golTrasferta,data,ora,nomeCampionato) values ('2020SA184',19,'Udinese','Sassuolo',3,0,'2020-01-12','12:30','Serie A');
insert into partita(codicePartita,giornata,squadraCasa,squadraTrasferta,golCasa,golTrasferta,data,ora,nomeCampionato) values ('2020SA185',19,'Fiorentina','Spal',1,0,'2020-01-12','15:00','Serie A');
insert into partita(codicePartita,giornata,squadraCasa,squadraTrasferta,golCasa,golTrasferta,data,ora,nomeCampionato) values ('2020SA186',19,'Sampdoria','Brescia',5,1,'2020-01-12','15:00','Serie A');
insert into partita(codicePartita,giornata,squadraCasa,squadraTrasferta,golCasa,golTrasferta,data,ora,nomeCampionato) values ('2020SA187',19,'Torino','Bologna',1,0,'2020-01-12','15:00','Serie A');
insert into partita(codicePartita,giornata,squadraCasa,squadraTrasferta,golCasa,golTrasferta,data,ora,nomeCampionato) values ('2020SA188',19,'Verona','Genoa',2,1,'2020-01-12','18:15','Serie A');
insert into partita(codicePartita,giornata,squadraCasa,squadraTrasferta,golCasa,golTrasferta,data,ora,nomeCampionato) values ('2020SA189',19,'Roma','Juventus',1,2,'2020-01-12','20:45','Serie A');
insert into partita(codicePartita,giornata,squadraCasa,squadraTrasferta,golCasa,golTrasferta,data,ora,nomeCampionato) values ('2020SA190',19,'Parma','Lecce',2,0,'2020-01-13','20:45','Serie A');
insert into partita(codicePartita,giornata,squadraCasa,squadraTrasferta,golCasa,golTrasferta,data,ora,nomeCampionato) values ('2020PL001',1,'Liverpool','Norwich',4,1,'2019-08-09','21:00','Premier League');
insert into partita(codicePartita,giornata,squadraCasa,squadraTrasferta,golCasa,golTrasferta,data,ora,nomeCampionato) values ('2020PL002',1,'West Ham','Manchester City',0,5,'2019-08-10','13:30','Premier League');
insert into partita(codicePartita,giornata,squadraCasa,squadraTrasferta,golCasa,golTrasferta,data,ora,nomeCampionato) values ('2020PL003',1,'Bournemouth','Sheffield United',1,1,'2019-08-10','16:00','Premier League');
insert into partita(codicePartita,giornata,squadraCasa,squadraTrasferta,golCasa,golTrasferta,data,ora,nomeCampionato) values ('2020PL004',1,'Burnley','Southampton',3,0,'2019-08-10','16:00','Premier League');
insert into partita(codicePartita,giornata,squadraCasa,squadraTrasferta,golCasa,golTrasferta,data,ora,nomeCampionato) values ('2020PL005',1,'Crystal Palace','Everton',0,0,'2019-08-10','16:00','Premier League');
insert into partita(codicePartita,giornata,squadraCasa,squadraTrasferta,golCasa,golTrasferta,data,ora,nomeCampionato) values ('2020PL006',1,'Watford','Brighton',0,3,'2019-08-10','16:00','Premier League');
insert into partita(codicePartita,giornata,squadraCasa,squadraTrasferta,golCasa,golTrasferta,data,ora,nomeCampionato) values ('2020PL007',1,'Tottenham','Aston Villa',3,1,'2019-08-10','18:30','Premier League');
insert into partita(codicePartita,giornata,squadraCasa,squadraTrasferta,golCasa,golTrasferta,data,ora,nomeCampionato) values ('2020PL008',1,'Leicester','Wolves',0,0,'2019-08-11','15:00','Premier League');
insert into partita(codicePartita,giornata,squadraCasa,squadraTrasferta,golCasa,golTrasferta,data,ora,nomeCampionato) values ('2020PL009',1,'Newcastle','Arsenal',0,1,'2019-08-11','15:00','Premier League');
insert into partita(codicePartita,giornata,squadraCasa,squadraTrasferta,golCasa,golTrasferta,data,ora,nomeCampionato) values ('2020PL010',1,'Manchester Utd','Chelsea',4,0,'2019-08-11','17:30','Premier League');

insert into partita(codicePartita,giornata,squadraCasa,squadraTrasferta,golCasa,golTrasferta,data,ora,nomeCampionato) values ('2020PL011',2,'Arsenal','Burnley',2,1,'2019-08-17','13:30','Premier League');
insert into partita(codicePartita,giornata,squadraCasa,squadraTrasferta,golCasa,golTrasferta,data,ora,nomeCampionato) values ('2020PL012',2,'Aston Villa','Bournemouth',1,2,'2019-08-17','16:00','Premier League');
insert into partita(codicePartita,giornata,squadraCasa,squadraTrasferta,golCasa,golTrasferta,data,ora,nomeCampionato) values ('2020PL013',2,'Brighton','West Ham',1,1,'2019-08-17','16:00','Premier League');
insert into partita(codicePartita,giornata,squadraCasa,squadraTrasferta,golCasa,golTrasferta,data,ora,nomeCampionato) values ('2020PL014',2,'Everton','Watford',1,0,'2019-08-17','16:00','Premier League');
insert into partita(codicePartita,giornata,squadraCasa,squadraTrasferta,golCasa,golTrasferta,data,ora,nomeCampionato) values ('2020PL015',2,'Norwich','Newcastle',3,1,'2019-08-17','16:00','Premier League');
insert into partita(codicePartita,giornata,squadraCasa,squadraTrasferta,golCasa,golTrasferta,data,ora,nomeCampionato) values ('2020PL016',2,'Southampton','Liverpool',1,2,'2019-08-17','16:00','Premier League');
insert into partita(codicePartita,giornata,squadraCasa,squadraTrasferta,golCasa,golTrasferta,data,ora,nomeCampionato) values ('2020PL017',2,'Manchester City','Tottenham',2,2,'2019-08-17','18:30','Premier League');
insert into partita(codicePartita,giornata,squadraCasa,squadraTrasferta,golCasa,golTrasferta,data,ora,nomeCampionato) values ('2020PL018',2,'Sheffield United','Crystal Palace',1,0,'2019-08-18','15:00','Premier League');
insert into partita(codicePartita,giornata,squadraCasa,squadraTrasferta,golCasa,golTrasferta,data,ora,nomeCampionato) values ('2020PL019',2,'Chelsea','Leicester',1,1,'2019-08-18','17:30','Premier League');
insert into partita(codicePartita,giornata,squadraCasa,squadraTrasferta,golCasa,golTrasferta,data,ora,nomeCampionato) values ('2020PL020',2,'Wolves','Manchester Utd',1,1,'2019-08-19','21:00','Premier League');

insert into partita(codicePartita,giornata,squadraCasa,squadraTrasferta,golCasa,golTrasferta,data,ora,nomeCampionato) values ('2020PL021',3,'Aston Villa','Everton',2,0,'2019-08-23','21:00','Premier League');
insert into partita(codicePartita,giornata,squadraCasa,squadraTrasferta,golCasa,golTrasferta,data,ora,nomeCampionato) values ('2020PL022',3,'Norwich','Chelsea',2,3,'2019-08-24','13:30','Premier League');
insert into partita(codicePartita,giornata,squadraCasa,squadraTrasferta,golCasa,golTrasferta,data,ora,nomeCampionato) values ('2020PL023',3,'Brighton','Southampton',0,2,'2019-08-24','16:00','Premier League');
insert into partita(codicePartita,giornata,squadraCasa,squadraTrasferta,golCasa,golTrasferta,data,ora,nomeCampionato) values ('2020PL024',3,'Manchester Utd','Crystal Palace',1,2,'2019-08-24','16:00','Premier League');
insert into partita(codicePartita,giornata,squadraCasa,squadraTrasferta,golCasa,golTrasferta,data,ora,nomeCampionato) values ('2020PL025',3,'Sheffield United','Leicester',1,2,'2019-08-24','16:00','Premier League');
insert into partita(codicePartita,giornata,squadraCasa,squadraTrasferta,golCasa,golTrasferta,data,ora,nomeCampionato) values ('2020PL026',3,'Watford','West Ham',1,3,'2019-08-24','18:30','Premier League');
insert into partita(codicePartita,giornata,squadraCasa,squadraTrasferta,golCasa,golTrasferta,data,ora,nomeCampionato) values ('2020PL027',3,'Liverpool','Arsenal',3,1,'2019-08-24','15:00','Premier League');
insert into partita(codicePartita,giornata,squadraCasa,squadraTrasferta,golCasa,golTrasferta,data,ora,nomeCampionato) values ('2020PL028',3,'Bournemouth','Manchester City',1,3,'2019-08-25','15:00','Premier League');
insert into partita(codicePartita,giornata,squadraCasa,squadraTrasferta,golCasa,golTrasferta,data,ora,nomeCampionato) values ('2020PL029',3,'Tottenham','Newcastle',0,1,'2019-08-25','17:30','Premier League');
insert into partita(codicePartita,giornata,squadraCasa,squadraTrasferta,golCasa,golTrasferta,data,ora,nomeCampionato) values ('2020PL030',3,'Wolves','Burnley',1,1,'2019-08-25','17:30','Premier League');

insert into partita(codicePartita,giornata,squadraCasa,squadraTrasferta,golCasa,golTrasferta,data,ora,nomeCampionato) values ('2020PL031',4,'Southampton','Manchester Utd',1,1,'2019-08-31','13:30','Premier League');
insert into partita(codicePartita,giornata,squadraCasa,squadraTrasferta,golCasa,golTrasferta,data,ora,nomeCampionato) values ('2020PL032',4,'Chelsea','Sheffield United',2,2,'2019-08-31','16:00','Premier League');
insert into partita(codicePartita,giornata,squadraCasa,squadraTrasferta,golCasa,golTrasferta,data,ora,nomeCampionato) values ('2020PL033',4,'Crystal Palace','Aston Villa',1,0,'2019-08-31','16:00','Premier League');
insert into partita(codicePartita,giornata,squadraCasa,squadraTrasferta,golCasa,golTrasferta,data,ora,nomeCampionato) values ('2020PL034',4,'Leicester','Bournemouth',3,1,'2019-08-31','16:00','Premier League');
insert into partita(codicePartita,giornata,squadraCasa,squadraTrasferta,golCasa,golTrasferta,data,ora,nomeCampionato) values ('2020PL035',4,'Manchester City','Brighton',4,0,'2019-08-31','16:00','Premier League');
insert into partita(codicePartita,giornata,squadraCasa,squadraTrasferta,golCasa,golTrasferta,data,ora,nomeCampionato) values ('2020PL036',4,'Newcastle','Watford',1,1,'2019-08-31','16:00','Premier League');
insert into partita(codicePartita,giornata,squadraCasa,squadraTrasferta,golCasa,golTrasferta,data,ora,nomeCampionato) values ('2020PL037',4,'West Ham','Norwich',2,0,'2019-08-31','16:00','Premier League');
insert into partita(codicePartita,giornata,squadraCasa,squadraTrasferta,golCasa,golTrasferta,data,ora,nomeCampionato) values ('2020PL038',4,'Burnley','Liverpool',0,3,'2019-08-31','18:30','Premier League');
insert into partita(codicePartita,giornata,squadraCasa,squadraTrasferta,golCasa,golTrasferta,data,ora,nomeCampionato) values ('2020PL039',4,'Everton','Wolves',3,2,'2019-09-01','15:00','Premier League');
insert into partita(codicePartita,giornata,squadraCasa,squadraTrasferta,golCasa,golTrasferta,data,ora,nomeCampionato) values ('2020PL040',4,'Arsenal','Tottenham',2,2,'2019-09-01','17:30','Premier League');

insert into partita(codicePartita,giornata,squadraCasa,squadraTrasferta,golCasa,golTrasferta,data,ora,nomeCampionato) values ('2020PL041',5,'Liverpool','Newcastle',3,1,'2019-09-14','13:30','Premier League');
insert into partita(codicePartita,giornata,squadraCasa,squadraTrasferta,golCasa,golTrasferta,data,ora,nomeCampionato) values ('2020PL042',5,'Brighton','Burnley',1,1,'2019-09-14','16:00','Premier League');
insert into partita(codicePartita,giornata,squadraCasa,squadraTrasferta,golCasa,golTrasferta,data,ora,nomeCampionato) values ('2020PL043',5,'Manchester Utd','Leicester',1,0,'2019-09-14','16:00','Premier League');
insert into partita(codicePartita,giornata,squadraCasa,squadraTrasferta,golCasa,golTrasferta,data,ora,nomeCampionato) values ('2020PL044',5,'Sheffield United','Southampton',0,1,'2019-09-14','16:00','Premier League');
insert into partita(codicePartita,giornata,squadraCasa,squadraTrasferta,golCasa,golTrasferta,data,ora,nomeCampionato) values ('2020PL045',5,'Tottenham','Crystal Palace',4,0,'2019-09-14','16:00','Premier League');
insert into partita(codicePartita,giornata,squadraCasa,squadraTrasferta,golCasa,golTrasferta,data,ora,nomeCampionato) values ('2020PL046',5,'Wolves','Chelsea',2,5,'2019-09-14','16:00','Premier League');
insert into partita(codicePartita,giornata,squadraCasa,squadraTrasferta,golCasa,golTrasferta,data,ora,nomeCampionato) values ('2020PL047',5,'Norwich','Manchester City',3,2,'2019-09-14','18:30','Premier League');
insert into partita(codicePartita,giornata,squadraCasa,squadraTrasferta,golCasa,golTrasferta,data,ora,nomeCampionato) values ('2020PL048',5,'Bournemouth','Everton',3,1,'2019-09-15','15:00','Premier League');
insert into partita(codicePartita,giornata,squadraCasa,squadraTrasferta,golCasa,golTrasferta,data,ora,nomeCampionato) values ('2020PL049',5,'Watford','Arsenal',2,2,'2019-09-15','17:30','Premier League');
insert into partita(codicePartita,giornata,squadraCasa,squadraTrasferta,golCasa,golTrasferta,data,ora,nomeCampionato) values ('2020PL050',5,'Aston Villa','West Ham',0,0,'2019-09-16','21:00','Premier League');

insert into partita(codicePartita,giornata,squadraCasa,squadraTrasferta,golCasa,golTrasferta,data,ora,nomeCampionato) values ('2020PL051',6,'Southampton','Bournemouth',1,3,'2019-09-20','21:00','Premier League');
insert into partita(codicePartita,giornata,squadraCasa,squadraTrasferta,golCasa,golTrasferta,data,ora,nomeCampionato) values ('2020PL052',6,'Leicester','Tottenham',2,1,'2019-09-21','13:30','Premier League');
insert into partita(codicePartita,giornata,squadraCasa,squadraTrasferta,golCasa,golTrasferta,data,ora,nomeCampionato) values ('2020PL053',6,'Burnley','Norwich',2,0,'2019-09-21','16:00','Premier League');
insert into partita(codicePartita,giornata,squadraCasa,squadraTrasferta,golCasa,golTrasferta,data,ora,nomeCampionato) values ('2020PL054',6,'Everton','Sheffield United',0,2,'2019-09-21','16:00','Premier League');
insert into partita(codicePartita,giornata,squadraCasa,squadraTrasferta,golCasa,golTrasferta,data,ora,nomeCampionato) values ('2020PL055',6,'Manchester City','Watford',8,0,'2019-09-21','16:00','Premier League');
insert into partita(codicePartita,giornata,squadraCasa,squadraTrasferta,golCasa,golTrasferta,data,ora,nomeCampionato) values ('2020PL056',6,'Newcastle','Brighton',0,0,'2019-09-21','18:30','Premier League');
insert into partita(codicePartita,giornata,squadraCasa,squadraTrasferta,golCasa,golTrasferta,data,ora,nomeCampionato) values ('2020PL057',6,'Crystal Palace','Wolves',1,1,'2019-09-22','15:00','Premier League');
insert into partita(codicePartita,giornata,squadraCasa,squadraTrasferta,golCasa,golTrasferta,data,ora,nomeCampionato) values ('2020PL058',6,'West Ham','Manchester Utd',2,0,'2019-09-22','15:00','Premier League');
insert into partita(codicePartita,giornata,squadraCasa,squadraTrasferta,golCasa,golTrasferta,data,ora,nomeCampionato) values ('2020PL059',6,'Arsenal','Aston Villa',3,2,'2019-09-22','17:30','Premier League');
insert into partita(codicePartita,giornata,squadraCasa,squadraTrasferta,golCasa,golTrasferta,data,ora,nomeCampionato) values ('2020PL060',6,'Chelsea','Liverpool',1,2,'2019-09-22','17:30','Premier League');

insert into partita(codicePartita,giornata,squadraCasa,squadraTrasferta,golCasa,golTrasferta,data,ora,nomeCampionato) values ('2020PL061',7,'Sheffield United','Liverpool',0,1,'2019-09-28','13:30','Premier League');
insert into partita(codicePartita,giornata,squadraCasa,squadraTrasferta,golCasa,golTrasferta,data,ora,nomeCampionato) values ('2020PL062',7,'Aston Villa','Burnley',2,2,'2019-09-28','16:00','Premier League');
insert into partita(codicePartita,giornata,squadraCasa,squadraTrasferta,golCasa,golTrasferta,data,ora,nomeCampionato) values ('2020PL063',7,'Bournemouth','West Ham',2,2,'2019-09-28','16:00','Premier League');
insert into partita(codicePartita,giornata,squadraCasa,squadraTrasferta,golCasa,golTrasferta,data,ora,nomeCampionato) values ('2020PL064',7,'Chelsea','Brighton',2,0,'2019-09-28','16:00','Premier League');
insert into partita(codicePartita,giornata,squadraCasa,squadraTrasferta,golCasa,golTrasferta,data,ora,nomeCampionato) values ('2020PL065',7,'Crystal Palace','Norwich',2,0,'2019-09-28','16:00','Premier League');
insert into partita(codicePartita,giornata,squadraCasa,squadraTrasferta,golCasa,golTrasferta,data,ora,nomeCampionato) values ('2020PL066',7,'Tottenham','Southampton',2,1,'2019-09-28','16:00','Premier League');
insert into partita(codicePartita,giornata,squadraCasa,squadraTrasferta,golCasa,golTrasferta,data,ora,nomeCampionato) values ('2020PL067',7,'Wolves','Watford',2,0,'2019-09-28','16:00','Premier League');
insert into partita(codicePartita,giornata,squadraCasa,squadraTrasferta,golCasa,golTrasferta,data,ora,nomeCampionato) values ('2020PL068',7,'Everton','Manchester City',1,3,'2019-09-28','18:30','Premier League');
insert into partita(codicePartita,giornata,squadraCasa,squadraTrasferta,golCasa,golTrasferta,data,ora,nomeCampionato) values ('2020PL069',7,'Leicester','Newcastle',5,0,'2019-09-29','17:30','Premier League');
insert into partita(codicePartita,giornata,squadraCasa,squadraTrasferta,golCasa,golTrasferta,data,ora,nomeCampionato) values ('2020PL070',7,'Manchester Utd','Arsenal',1,1,'2019-09-30','21:00','Premier League');

insert into partita(codicePartita,giornata,squadraCasa,squadraTrasferta,golCasa,golTrasferta,data,ora,nomeCampionato) values ('2020PL071',8,'Brighton','Tottenham',3,0,'2019-10-05','13:30','Premier League');
insert into partita(codicePartita,giornata,squadraCasa,squadraTrasferta,golCasa,golTrasferta,data,ora,nomeCampionato) values ('2020PL072',8,'Burnley','Everton',1,0,'2019-10-05','16:00','Premier League');
insert into partita(codicePartita,giornata,squadraCasa,squadraTrasferta,golCasa,golTrasferta,data,ora,nomeCampionato) values ('2020PL073',8,'Liverpool','Leicester',2,1,'2019-10-05','16:00','Premier League');
insert into partita(codicePartita,giornata,squadraCasa,squadraTrasferta,golCasa,golTrasferta,data,ora,nomeCampionato) values ('2020PL074',8,'Norwich','Aston Villa',1,5,'2019-10-05','16:00','Premier League');
insert into partita(codicePartita,giornata,squadraCasa,squadraTrasferta,golCasa,golTrasferta,data,ora,nomeCampionato) values ('2020PL075',8,'Watford','Sheffield United',0,0,'2019-10-05','16:00','Premier League');
insert into partita(codicePartita,giornata,squadraCasa,squadraTrasferta,golCasa,golTrasferta,data,ora,nomeCampionato) values ('2020PL076',8,'West Ham','Crystal Palace',1,2,'2019-10-05','18:30','Premier League');
insert into partita(codicePartita,giornata,squadraCasa,squadraTrasferta,golCasa,golTrasferta,data,ora,nomeCampionato) values ('2020PL077',8,'Arsenal','Bournemouth',1,0,'2019-10-06','15:00','Premier League');
insert into partita(codicePartita,giornata,squadraCasa,squadraTrasferta,golCasa,golTrasferta,data,ora,nomeCampionato) values ('2020PL078',8,'Manchester City','Wolves',0,2,'2019-10-06','15:00','Premier League');
insert into partita(codicePartita,giornata,squadraCasa,squadraTrasferta,golCasa,golTrasferta,data,ora,nomeCampionato) values ('2020PL079',8,'Southampton','Chelsea',1,4,'2019-10-06','15:00','Premier League');
insert into partita(codicePartita,giornata,squadraCasa,squadraTrasferta,golCasa,golTrasferta,data,ora,nomeCampionato) values ('2020PL080',8,'Newcastle','Manchester Utd',1,0,'2019-10-06','17:30','Premier League');

insert into partita(codicePartita,giornata,squadraCasa,squadraTrasferta,golCasa,golTrasferta,data,ora,nomeCampionato) values ('2020PL081',9,'Everton','West Ham',2,0,'2019-10-19','13:30','Premier League');
insert into partita(codicePartita,giornata,squadraCasa,squadraTrasferta,golCasa,golTrasferta,data,ora,nomeCampionato) values ('2020PL082',9,'Aston Villa','Brighton',2,1,'2019-10-19','16:00','Premier League');
insert into partita(codicePartita,giornata,squadraCasa,squadraTrasferta,golCasa,golTrasferta,data,ora,nomeCampionato) values ('2020PL083',9,'Bournemouth','Norwich',0,0,'2019-10-19','16:00','Premier League');
insert into partita(codicePartita,giornata,squadraCasa,squadraTrasferta,golCasa,golTrasferta,data,ora,nomeCampionato) values ('2020PL084',9,'Chelsea','Newcastle',1,0,'2019-10-19','16:00','Premier League');
insert into partita(codicePartita,giornata,squadraCasa,squadraTrasferta,golCasa,golTrasferta,data,ora,nomeCampionato) values ('2020PL085',9,'Leicester','Burnley',2,1,'2019-10-19','16:00','Premier League');
insert into partita(codicePartita,giornata,squadraCasa,squadraTrasferta,golCasa,golTrasferta,data,ora,nomeCampionato) values ('2020PL086',9,'Tottenham','Watford',1,1,'2019-10-19','16:00','Premier League');
insert into partita(codicePartita,giornata,squadraCasa,squadraTrasferta,golCasa,golTrasferta,data,ora,nomeCampionato) values ('2020PL087',9,'Wolves','Southampton',1,1,'2019-10-19','16:00','Premier League');
insert into partita(codicePartita,giornata,squadraCasa,squadraTrasferta,golCasa,golTrasferta,data,ora,nomeCampionato) values ('2020PL088',9,'Crystal Palace','Manchester City',0,2,'2019-10-19','18:30','Premier League');
insert into partita(codicePartita,giornata,squadraCasa,squadraTrasferta,golCasa,golTrasferta,data,ora,nomeCampionato) values ('2020PL089',9,'Manchester Utd','Liverpool',1,1,'2019-10-20','17:30','Premier League');
insert into partita(codicePartita,giornata,squadraCasa,squadraTrasferta,golCasa,golTrasferta,data,ora,nomeCampionato) values ('2020PL090',9,'Sheffield United','Arsenal',1,0,'2019-10-21','21:00','Premier League');

insert into partita(codicePartita,giornata,squadraCasa,squadraTrasferta,golCasa,golTrasferta,data,ora,nomeCampionato) values ('2020PL091',10,'Southampton','Leicester',0,9,'2019-10-25','21:00','Premier League');
insert into partita(codicePartita,giornata,squadraCasa,squadraTrasferta,golCasa,golTrasferta,data,ora,nomeCampionato) values ('2020PL092',10,'Manchester City','Aston Villa',3,0,'2019-10-26','13:30','Premier League');
insert into partita(codicePartita,giornata,squadraCasa,squadraTrasferta,golCasa,golTrasferta,data,ora,nomeCampionato) values ('2020PL093',10,'Brighton','Everton',3,2,'2019-10-26','16:00','Premier League');
insert into partita(codicePartita,giornata,squadraCasa,squadraTrasferta,golCasa,golTrasferta,data,ora,nomeCampionato) values ('2020PL094',10,'Watford','Bournemouth',0,0,'2019-10-26','16:00','Premier League');
insert into partita(codicePartita,giornata,squadraCasa,squadraTrasferta,golCasa,golTrasferta,data,ora,nomeCampionato) values ('2020PL095',10,'West Ham','Sheffield United',1,1,'2019-10-26','16:00','Premier League');
insert into partita(codicePartita,giornata,squadraCasa,squadraTrasferta,golCasa,golTrasferta,data,ora,nomeCampionato) values ('2020PL096',10,'Burnley','Chelsea',2,4,'2019-10-26','18:30','Premier League');
insert into partita(codicePartita,giornata,squadraCasa,squadraTrasferta,golCasa,golTrasferta,data,ora,nomeCampionato) values ('2020PL097',10,'Newcastle','Wolves',1,1,'2019-10-27','15:00','Premier League');
insert into partita(codicePartita,giornata,squadraCasa,squadraTrasferta,golCasa,golTrasferta,data,ora,nomeCampionato) values ('2020PL098',10,'Arsenal','Crystal Palace',2,2,'2019-10-27','17:30','Premier League');
insert into partita(codicePartita,giornata,squadraCasa,squadraTrasferta,golCasa,golTrasferta,data,ora,nomeCampionato) values ('2020PL099',10,'Liverpool','Tottenham',2,1,'2019-10-27','17:30','Premier League');
insert into partita(codicePartita,giornata,squadraCasa,squadraTrasferta,golCasa,golTrasferta,data,ora,nomeCampionato) values ('2020PL100',10,'Norwich','Manchester Utd',1,3,'2019-10-27','17:30','Premier League');

insert into partita(codicePartita,giornata,squadraCasa,squadraTrasferta,golCasa,golTrasferta,data,ora,nomeCampionato) values ('2020PL101',11,'Bournemouth','Manchester Utd',1,0,'2019-11-02','13:30','Premier League');
insert into partita(codicePartita,giornata,squadraCasa,squadraTrasferta,golCasa,golTrasferta,data,ora,nomeCampionato) values ('2020PL102',11,'Arsenal','Wolves',1,1,'2019-11-02','16:00','Premier League');
insert into partita(codicePartita,giornata,squadraCasa,squadraTrasferta,golCasa,golTrasferta,data,ora,nomeCampionato) values ('2020PL103',11,'Aston Villa','Liverpool',1,2,'2019-11-02','16:00','Premier League');
insert into partita(codicePartita,giornata,squadraCasa,squadraTrasferta,golCasa,golTrasferta,data,ora,nomeCampionato) values ('2020PL104',11,'Brighton','Norwich',2,0,'2019-11-02','16:00','Premier League');
insert into partita(codicePartita,giornata,squadraCasa,squadraTrasferta,golCasa,golTrasferta,data,ora,nomeCampionato) values ('2020PL105',11,'Manchester City','Southampton',2,1,'2019-11-02','16:00','Premier League');
insert into partita(codicePartita,giornata,squadraCasa,squadraTrasferta,golCasa,golTrasferta,data,ora,nomeCampionato) values ('2020PL106',11,'Sheffield United','Burnley',3,0,'2019-11-02','16:00','Premier League');
insert into partita(codicePartita,giornata,squadraCasa,squadraTrasferta,golCasa,golTrasferta,data,ora,nomeCampionato) values ('2020PL107',11,'West Ham','Newcastle',2,3,'2019-11-02','16:00','Premier League');
insert into partita(codicePartita,giornata,squadraCasa,squadraTrasferta,golCasa,golTrasferta,data,ora,nomeCampionato) values ('2020PL108',11,'Watford','Chelsea',1,2,'2019-11-02','18:30','Premier League');
insert into partita(codicePartita,giornata,squadraCasa,squadraTrasferta,golCasa,golTrasferta,data,ora,nomeCampionato) values ('2020PL109',11,'Crystal Palace','Leicester',0,2,'2019-11-03','15:00','Premier League');
insert into partita(codicePartita,giornata,squadraCasa,squadraTrasferta,golCasa,golTrasferta,data,ora,nomeCampionato) values ('2020PL110',11,'Everton','Tottenham',1,1,'2019-11-03','17:30','Premier League');

insert into partita(codicePartita,giornata,squadraCasa,squadraTrasferta,golCasa,golTrasferta,data,ora,nomeCampionato) values ('2020PL111',12,'Norwich','Watford',0,2,'2019-11-08','21:00','Premier League');
insert into partita(codicePartita,giornata,squadraCasa,squadraTrasferta,golCasa,golTrasferta,data,ora,nomeCampionato) values ('2020PL112',12,'Chelsea','Crystal Palace',2,0,'2019-11-09','13:30','Premier League');
insert into partita(codicePartita,giornata,squadraCasa,squadraTrasferta,golCasa,golTrasferta,data,ora,nomeCampionato) values ('2020PL113',12,'Burnley','West Ham',3,0,'2019-11-09','16:00','Premier League');
insert into partita(codicePartita,giornata,squadraCasa,squadraTrasferta,golCasa,golTrasferta,data,ora,nomeCampionato) values ('2020PL114',12,'Newcastle','Bournemouth',2,1,'2019-11-09','16:00','Premier League');
insert into partita(codicePartita,giornata,squadraCasa,squadraTrasferta,golCasa,golTrasferta,data,ora,nomeCampionato) values ('2020PL115',12,'Southampton','Everton',1,2,'2019-11-09','16:00','Premier League');
insert into partita(codicePartita,giornata,squadraCasa,squadraTrasferta,golCasa,golTrasferta,data,ora,nomeCampionato) values ('2020PL116',12,'Tottenham','Sheffield United',1,1,'2019-11-09','16:00','Premier League');
insert into partita(codicePartita,giornata,squadraCasa,squadraTrasferta,golCasa,golTrasferta,data,ora,nomeCampionato) values ('2020PL117',12,'Leicester','Arsenal',2,0,'2019-11-09','18:30','Premier League');
insert into partita(codicePartita,giornata,squadraCasa,squadraTrasferta,golCasa,golTrasferta,data,ora,nomeCampionato) values ('2020PL118',12,'Manchester Utd','Brighton',3,1,'2019-11-10','15:00','Premier League');
insert into partita(codicePartita,giornata,squadraCasa,squadraTrasferta,golCasa,golTrasferta,data,ora,nomeCampionato) values ('2020PL119',12,'Wolves','Aston Villa',2,1,'2019-11-10','15:00','Premier League');
insert into partita(codicePartita,giornata,squadraCasa,squadraTrasferta,golCasa,golTrasferta,data,ora,nomeCampionato) values ('2020PL120',12,'Liverpool','Manchester City',3,1,'2019-11-10','17:30','Premier League');

insert into partita(codicePartita,giornata,squadraCasa,squadraTrasferta,golCasa,golTrasferta,data,ora,nomeCampionato) values ('2020PL121',13,'West Ham','Tottenham',2,3,'2019-11-23','13:30','Premier League');
insert into partita(codicePartita,giornata,squadraCasa,squadraTrasferta,golCasa,golTrasferta,data,ora,nomeCampionato) values ('2020PL122',13,'Arsenal','Southampton',2,2,'2019-11-23','16:00','Premier League');
insert into partita(codicePartita,giornata,squadraCasa,squadraTrasferta,golCasa,golTrasferta,data,ora,nomeCampionato) values ('2020PL123',13,'Bournemouth','Wolves',1,2,'2019-11-23','16:00','Premier League');
insert into partita(codicePartita,giornata,squadraCasa,squadraTrasferta,golCasa,golTrasferta,data,ora,nomeCampionato) values ('2020PL124',13,'Brighton','Leicester',0,2,'2019-11-23','16:00','Premier League');
insert into partita(codicePartita,giornata,squadraCasa,squadraTrasferta,golCasa,golTrasferta,data,ora,nomeCampionato) values ('2020PL125',13,'Crystal Palace','Liverpool',1,2,'2019-11-23','16:00','Premier League');
insert into partita(codicePartita,giornata,squadraCasa,squadraTrasferta,golCasa,golTrasferta,data,ora,nomeCampionato) values ('2020PL126',13,'Everton','Norwich',0,2,'2019-11-23','16:00','Premier League');
insert into partita(codicePartita,giornata,squadraCasa,squadraTrasferta,golCasa,golTrasferta,data,ora,nomeCampionato) values ('2020PL127',13,'Watford','Burnley',0,3,'2019-11-23','16:00','Premier League');
insert into partita(codicePartita,giornata,squadraCasa,squadraTrasferta,golCasa,golTrasferta,data,ora,nomeCampionato) values ('2020PL128',13,'Manchester City','Chelsea',2,1,'2019-11-23','18:30','Premier League');
insert into partita(codicePartita,giornata,squadraCasa,squadraTrasferta,golCasa,golTrasferta,data,ora,nomeCampionato) values ('2020PL129',13,'Sheffield United','Manchester Utd',3,3,'2019-11-24','17:30','Premier League');
insert into partita(codicePartita,giornata,squadraCasa,squadraTrasferta,golCasa,golTrasferta,data,ora,nomeCampionato) values ('2020PL130',13,'Aston Villa','Newcastle',2,0,'2019-11-25','21:00','Premier League');

insert into partita(codicePartita,giornata,squadraCasa,squadraTrasferta,golCasa,golTrasferta,data,ora,nomeCampionato) values ('2020PL131',14,'Newcastle','Manchester City',2,2,'2019-11-30','13:30','Premier League');
insert into partita(codicePartita,giornata,squadraCasa,squadraTrasferta,golCasa,golTrasferta,data,ora,nomeCampionato) values ('2020PL132',14,'Burnley','Crystal Palace',0,2,'2019-11-30','16:00','Premier League');
insert into partita(codicePartita,giornata,squadraCasa,squadraTrasferta,golCasa,golTrasferta,data,ora,nomeCampionato) values ('2020PL133',14,'Chelsea','West Ham',0,1,'2019-11-30','16:00','Premier League');
insert into partita(codicePartita,giornata,squadraCasa,squadraTrasferta,golCasa,golTrasferta,data,ora,nomeCampionato) values ('2020PL134',14,'Liverpool','Brighton',2,1,'2019-11-30','16:00','Premier League');
insert into partita(codicePartita,giornata,squadraCasa,squadraTrasferta,golCasa,golTrasferta,data,ora,nomeCampionato) values ('2020PL135',14,'Tottenham','Bournemouth',3,2,'2019-11-30','16:00','Premier League');
insert into partita(codicePartita,giornata,squadraCasa,squadraTrasferta,golCasa,golTrasferta,data,ora,nomeCampionato) values ('2020PL136',14,'Southampton','Watford',2,1,'2019-11-30','18:30','Premier League');
insert into partita(codicePartita,giornata,squadraCasa,squadraTrasferta,golCasa,golTrasferta,data,ora,nomeCampionato) values ('2020PL137',14,'Norwich','Arsenal',2,2,'2019-12-01','15:00','Premier League');
insert into partita(codicePartita,giornata,squadraCasa,squadraTrasferta,golCasa,golTrasferta,data,ora,nomeCampionato) values ('2020PL138',14,'Wolves','Sheffield United',1,1,'2019-12-01','15:00','Premier League');
insert into partita(codicePartita,giornata,squadraCasa,squadraTrasferta,golCasa,golTrasferta,data,ora,nomeCampionato) values ('2020PL139',14,'Leicester','Everton',2,1,'2019-12-01','17:30','Premier League');
insert into partita(codicePartita,giornata,squadraCasa,squadraTrasferta,golCasa,golTrasferta,data,ora,nomeCampionato) values ('2020PL140',14,'Manchester Utd','Aston Villa',2,2,'2019-12-01','17:30','Premier League');

insert into partita(codicePartita,giornata,squadraCasa,squadraTrasferta,golCasa,golTrasferta,data,ora,nomeCampionato) values ('2020PL141',15,'Crystal Palace','Bournemouth',1,0,'2019-12-03','20:30','Premier League');
insert into partita(codicePartita,giornata,squadraCasa,squadraTrasferta,golCasa,golTrasferta,data,ora,nomeCampionato) values ('2020PL142',15,'Burnley','Manchester City',1,4,'2019-12-03','21:15','Premier League');
insert into partita(codicePartita,giornata,squadraCasa,squadraTrasferta,golCasa,golTrasferta,data,ora,nomeCampionato) values ('2020PL143',15,'Leicester','Watford',2,0,'2019-12-04','20:30','Premier League');
insert into partita(codicePartita,giornata,squadraCasa,squadraTrasferta,golCasa,golTrasferta,data,ora,nomeCampionato) values ('2020PL144',15,'Wolves','West Ham',2,0,'2019-12-04','20:30','Premier League');
insert into partita(codicePartita,giornata,squadraCasa,squadraTrasferta,golCasa,golTrasferta,data,ora,nomeCampionato) values ('2020PL145',15,'Manchester Utd','Tottenham',2,1,'2019-12-04','20:30','Premier League');
insert into partita(codicePartita,giornata,squadraCasa,squadraTrasferta,golCasa,golTrasferta,data,ora,nomeCampionato) values ('2020PL146',15,'Chelsea','Aston Villa',2,1,'2019-12-04','20:30','Premier League');
insert into partita(codicePartita,giornata,squadraCasa,squadraTrasferta,golCasa,golTrasferta,data,ora,nomeCampionato) values ('2020PL147',15,'Southampton','Norwich',2,1,'2019-12-04','20:30','Premier League');
insert into partita(codicePartita,giornata,squadraCasa,squadraTrasferta,golCasa,golTrasferta,data,ora,nomeCampionato) values ('2020PL148',15,'Liverpool','Everton',5,2,'2019-12-04','21:15','Premier League');
insert into partita(codicePartita,giornata,squadraCasa,squadraTrasferta,golCasa,golTrasferta,data,ora,nomeCampionato) values ('2020PL149',15,'Sheffield United','Newcastle',0,2,'2019-12-05','20:30','Premier League');
insert into partita(codicePartita,giornata,squadraCasa,squadraTrasferta,golCasa,golTrasferta,data,ora,nomeCampionato) values ('2020PL150',15,'Arsenal','Brighton',1,2,'2019-12-05','21:15','Premier League');

insert into partita(codicePartita,giornata,squadraCasa,squadraTrasferta,golCasa,golTrasferta,data,ora,nomeCampionato) values ('2020PL151',16,'Everton','Chelsea',3,1,'2019-12-07','13:30','Premier League');
insert into partita(codicePartita,giornata,squadraCasa,squadraTrasferta,golCasa,golTrasferta,data,ora,nomeCampionato) values ('2020PL152',16,'Bournemouth','Liverpool',0,3,'2019-12-07','16:00','Premier League');
insert into partita(codicePartita,giornata,squadraCasa,squadraTrasferta,golCasa,golTrasferta,data,ora,nomeCampionato) values ('2020PL153',16,'Tottenham','Burnley',5,0,'2019-12-07','16:00','Premier League');
insert into partita(codicePartita,giornata,squadraCasa,squadraTrasferta,golCasa,golTrasferta,data,ora,nomeCampionato) values ('2020PL154',16,'Watford','Crystal Palace',0,0,'2019-12-07','16:00','Premier League');
insert into partita(codicePartita,giornata,squadraCasa,squadraTrasferta,golCasa,golTrasferta,data,ora,nomeCampionato) values ('2020PL155',16,'Manchester City','Manchester Utd',1,2,'2019-12-07','18:30','Premier League');
insert into partita(codicePartita,giornata,squadraCasa,squadraTrasferta,golCasa,golTrasferta,data,ora,nomeCampionato) values ('2020PL156',16,'Aston Villa','Leicester',1,4,'2019-12-08','15:00','Premier League');
insert into partita(codicePartita,giornata,squadraCasa,squadraTrasferta,golCasa,golTrasferta,data,ora,nomeCampionato) values ('2020PL157',16,'Newcastle','Southampton',2,1,'2019-12-08','15:00','Premier League');
insert into partita(codicePartita,giornata,squadraCasa,squadraTrasferta,golCasa,golTrasferta,data,ora,nomeCampionato) values ('2020PL158',16,'Norwich','Sheffield United',1,2,'2019-12-08','15:00','Premier League');
insert into partita(codicePartita,giornata,squadraCasa,squadraTrasferta,golCasa,golTrasferta,data,ora,nomeCampionato) values ('2020PL159',16,'Brighton','Wolves',2,2,'2019-12-08','17:30','Premier League');
insert into partita(codicePartita,giornata,squadraCasa,squadraTrasferta,golCasa,golTrasferta,data,ora,nomeCampionato) values ('2020PL160',16,'West Ham','Arsenal',1,3,'2019-12-09','21:00','Premier League');

insert into partita(codicePartita,giornata,squadraCasa,squadraTrasferta,golCasa,golTrasferta,data,ora,nomeCampionato) values ('2020PL161',17,'Liverpool','Watford',2,0,'2019-12-14','13:30','Premier League');
insert into partita(codicePartita,giornata,squadraCasa,squadraTrasferta,golCasa,golTrasferta,data,ora,nomeCampionato) values ('2020PL162',17,'Burnley','Newcastle',1,0,'2019-12-14','16:00','Premier League');
insert into partita(codicePartita,giornata,squadraCasa,squadraTrasferta,golCasa,golTrasferta,data,ora,nomeCampionato) values ('2020PL163',17,'Chelsea','Bournemouth',0,1,'2019-12-14','16:00','Premier League');
insert into partita(codicePartita,giornata,squadraCasa,squadraTrasferta,golCasa,golTrasferta,data,ora,nomeCampionato) values ('2020PL164',17,'Leicester','Norwich',1,1,'2019-12-14','16:00','Premier League');
insert into partita(codicePartita,giornata,squadraCasa,squadraTrasferta,golCasa,golTrasferta,data,ora,nomeCampionato) values ('2020PL165',17,'Sheffield United','Aston Villa',2,0,'2019-12-14','16:00','Premier League');
insert into partita(codicePartita,giornata,squadraCasa,squadraTrasferta,golCasa,golTrasferta,data,ora,nomeCampionato) values ('2020PL166',17,'Southampton','West Ham',0,1,'2019-12-14','18:30','Premier League');
insert into partita(codicePartita,giornata,squadraCasa,squadraTrasferta,golCasa,golTrasferta,data,ora,nomeCampionato) values ('2020PL167',17,'Manchester Utd','Everton',1,1,'2019-12-15','15:00','Premier League');
insert into partita(codicePartita,giornata,squadraCasa,squadraTrasferta,golCasa,golTrasferta,data,ora,nomeCampionato) values ('2020PL168',17,'Wolves','Tottenham',1,2,'2019-12-15','15:00','Premier League');
insert into partita(codicePartita,giornata,squadraCasa,squadraTrasferta,golCasa,golTrasferta,data,ora,nomeCampionato) values ('2020PL169',17,'Arsenal','Manchester City',0,3,'2019-12-15','17:30','Premier League');
insert into partita(codicePartita,giornata,squadraCasa,squadraTrasferta,golCasa,golTrasferta,data,ora,nomeCampionato) values ('2020PL170',17,'Crystal Palace','Brighton',1,1,'2019-12-16','20:45','Premier League');

insert into partita(codicePartita,giornata,squadraCasa,squadraTrasferta,golCasa,golTrasferta,data,ora,nomeCampionato) values ('2020PL171',18,'Everton','Arsenal',0,0,'2019-12-21','13:30','Premier League');
insert into partita(codicePartita,giornata,squadraCasa,squadraTrasferta,golCasa,golTrasferta,data,ora,nomeCampionato) values ('2020PL172',18,'Aston Villa','Southampton',1,3,'2019-12-21','16:00','Premier League');
insert into partita(codicePartita,giornata,squadraCasa,squadraTrasferta,golCasa,golTrasferta,data,ora,nomeCampionato) values ('2020PL173',18,'Bournemouth','Burnley',0,1,'2019-12-21','16:00','Premier League');
insert into partita(codicePartita,giornata,squadraCasa,squadraTrasferta,golCasa,golTrasferta,data,ora,nomeCampionato) values ('2020PL174',18,'Brighton','Sheffield United',0,1,'2019-12-21','16:00','Premier League');
insert into partita(codicePartita,giornata,squadraCasa,squadraTrasferta,golCasa,golTrasferta,data,ora,nomeCampionato) values ('2020PL175',18,'Newcastle','Crystal Palace',1,0,'2019-12-21','16:00','Premier League');
insert into partita(codicePartita,giornata,squadraCasa,squadraTrasferta,golCasa,golTrasferta,data,ora,nomeCampionato) values ('2020PL176',18,'Norwich','Wolves',1,2,'2019-12-21','16:00','Premier League');
insert into partita(codicePartita,giornata,squadraCasa,squadraTrasferta,golCasa,golTrasferta,data,ora,nomeCampionato) values ('2020PL177',18,'West Ham','Liverpool',null,null,'2020-01-29','20:45','Premier League');
insert into partita(codicePartita,giornata,squadraCasa,squadraTrasferta,golCasa,golTrasferta,data,ora,nomeCampionato) values ('2020PL178',18,'Manchester City','Leicester',3,1,'2019-12-21','18:30','Premier League');
insert into partita(codicePartita,giornata,squadraCasa,squadraTrasferta,golCasa,golTrasferta,data,ora,nomeCampionato) values ('2020PL179',18,'Watford','Manchester Utd',2,0,'2019-12-22','15:00','Premier League');
insert into partita(codicePartita,giornata,squadraCasa,squadraTrasferta,golCasa,golTrasferta,data,ora,nomeCampionato) values ('2020PL180',18,'Tottenham','Chelsea',0,2,'2019-12-22','17:30','Premier League');

insert into partita(codicePartita,giornata,squadraCasa,squadraTrasferta,golCasa,golTrasferta,data,ora,nomeCampionato) values ('2020PL181',19,'Tottenham','Brighton',2,1,'2019-12-26','13:30','Premier League');
insert into partita(codicePartita,giornata,squadraCasa,squadraTrasferta,golCasa,golTrasferta,data,ora,nomeCampionato) values ('2020PL182',19,'Aston Villa','Norwich',1,0,'2019-12-26','16:00','Premier League');
insert into partita(codicePartita,giornata,squadraCasa,squadraTrasferta,golCasa,golTrasferta,data,ora,nomeCampionato) values ('2020PL183',19,'Bournemouth','Arsenal',1,1,'2019-12-26','16:00','Premier League');
insert into partita(codicePartita,giornata,squadraCasa,squadraTrasferta,golCasa,golTrasferta,data,ora,nomeCampionato) values ('2020PL184',19,'Chelsea','Southampton',0,2,'2019-12-26','16:00','Premier League');
insert into partita(codicePartita,giornata,squadraCasa,squadraTrasferta,golCasa,golTrasferta,data,ora,nomeCampionato) values ('2020PL185',19,'Crystal Palace','West Ham',2,1,'2019-12-26','16:00','Premier League');
insert into partita(codicePartita,giornata,squadraCasa,squadraTrasferta,golCasa,golTrasferta,data,ora,nomeCampionato) values ('2020PL186',19,'Everton','Burnley',1,0,'2019-12-26','16:00','Premier League');
insert into partita(codicePartita,giornata,squadraCasa,squadraTrasferta,golCasa,golTrasferta,data,ora,nomeCampionato) values ('2020PL187',19,'Sheffield United','Watford',1,1,'2019-12-26','16:00','Premier League');
insert into partita(codicePartita,giornata,squadraCasa,squadraTrasferta,golCasa,golTrasferta,data,ora,nomeCampionato) values ('2020PL188',19,'Manchester Utd','Newcastle',4,1,'2019-12-26','18:30','Premier League');
insert into partita(codicePartita,giornata,squadraCasa,squadraTrasferta,golCasa,golTrasferta,data,ora,nomeCampionato) values ('2020PL189',19,'Leicester','Liverpool',0,4,'2019-12-26','21:00','Premier League');
insert into partita(codicePartita,giornata,squadraCasa,squadraTrasferta,golCasa,golTrasferta,data,ora,nomeCampionato) values ('2020PL190',19,'Wolves','Manchester City',3,2,'2019-12-27','20:45','Premier League');

insert into partita(codicePartita,giornata,squadraCasa,squadraTrasferta,golCasa,golTrasferta,data,ora,nomeCampionato) values ('2020PL191',20,'Brighton','Bournemouth',2,0,'2019-12-28','13:30','Premier League');
insert into partita(codicePartita,giornata,squadraCasa,squadraTrasferta,golCasa,golTrasferta,data,ora,nomeCampionato) values ('2020PL192',20,'Newcastle','Everton',1,2,'2019-12-28','16:00','Premier League');
insert into partita(codicePartita,giornata,squadraCasa,squadraTrasferta,golCasa,golTrasferta,data,ora,nomeCampionato) values ('2020PL193',20,'Southampton','Crystal Palace',1,1,'2019-12-28','16:00','Premier League');
insert into partita(codicePartita,giornata,squadraCasa,squadraTrasferta,golCasa,golTrasferta,data,ora,nomeCampionato) values ('2020PL194',20,'Watford','Aston Villa',3,0,'2019-12-28','16:00','Premier League');
insert into partita(codicePartita,giornata,squadraCasa,squadraTrasferta,golCasa,golTrasferta,data,ora,nomeCampionato) values ('2020PL195',20,'Norwich','Tottenham',2,2,'2019-12-28','18:30','Premier League');
insert into partita(codicePartita,giornata,squadraCasa,squadraTrasferta,golCasa,golTrasferta,data,ora,nomeCampionato) values ('2020PL196',20,'West Ham','Leicester',1,2,'2019-12-28','18:30','Premier League');
insert into partita(codicePartita,giornata,squadraCasa,squadraTrasferta,golCasa,golTrasferta,data,ora,nomeCampionato) values ('2020PL197',20,'Burnley','Manchester Utd',0,2,'2019-12-28','20:45','Premier League');
insert into partita(codicePartita,giornata,squadraCasa,squadraTrasferta,golCasa,golTrasferta,data,ora,nomeCampionato) values ('2020PL198',20,'Arsenal','Chelsea',1,2,'2019-12-29','15:00','Premier League');
insert into partita(codicePartita,giornata,squadraCasa,squadraTrasferta,golCasa,golTrasferta,data,ora,nomeCampionato) values ('2020PL199',20,'Liverpool','Wolves',1,0,'2019-12-29','17:30','Premier League');
insert into partita(codicePartita,giornata,squadraCasa,squadraTrasferta,golCasa,golTrasferta,data,ora,nomeCampionato) values ('2020PL200',20,'Manchester City','Sheffield United',2,0,'2019-12-29','19:00','Premier League');

insert into partita(codicePartita,giornata,squadraCasa,squadraTrasferta,golCasa,golTrasferta,data,ora,nomeCampionato) values ('2020PL201',21,'Brighton','Chelsea',1,1,'2020-01-01','13:30','Premier League');
insert into partita(codicePartita,giornata,squadraCasa,squadraTrasferta,golCasa,golTrasferta,data,ora,nomeCampionato) values ('2020PL202',21,'Burnley','Aston Villa',1,2,'2020-01-01','13:30','Premier League');
insert into partita(codicePartita,giornata,squadraCasa,squadraTrasferta,golCasa,golTrasferta,data,ora,nomeCampionato) values ('2020PL203',21,'Newcastle','Leicester',0,3,'2020-01-01','16:00','Premier League');
insert into partita(codicePartita,giornata,squadraCasa,squadraTrasferta,golCasa,golTrasferta,data,ora,nomeCampionato) values ('2020PL204',21,'Southampton','Tottenham',1,0,'2020-01-01','16:00','Premier League');
insert into partita(codicePartita,giornata,squadraCasa,squadraTrasferta,golCasa,golTrasferta,data,ora,nomeCampionato) values ('2020PL205',21,'Watford','Wolves',2,1,'2020-01-01','16:00','Premier League');
insert into partita(codicePartita,giornata,squadraCasa,squadraTrasferta,golCasa,golTrasferta,data,ora,nomeCampionato) values ('2020PL206',21,'Manchester City','Everton',2,1,'2020-01-01','18:30','Premier League');
insert into partita(codicePartita,giornata,squadraCasa,squadraTrasferta,golCasa,golTrasferta,data,ora,nomeCampionato) values ('2020PL207',21,'Norwich','Crystal Palace',1,1,'2020-01-01','18:30','Premier League');
insert into partita(codicePartita,giornata,squadraCasa,squadraTrasferta,golCasa,golTrasferta,data,ora,nomeCampionato) values ('2020PL208',21,'West Ham','Bournemouth',4,0,'2020-01-01','18:30','Premier League');
insert into partita(codicePartita,giornata,squadraCasa,squadraTrasferta,golCasa,golTrasferta,data,ora,nomeCampionato) values ('2020PL209',21,'Arsenal','Manchester Utd',2,0,'2020-01-01','21:00','Premier League');
insert into partita(codicePartita,giornata,squadraCasa,squadraTrasferta,golCasa,golTrasferta,data,ora,nomeCampionato) values ('2020PL210',21,'Liverpool','Sheffield United',2,0,'2020-01-02','21:00','Premier League');

insert into partita(codicePartita,giornata,squadraCasa,squadraTrasferta,golCasa,golTrasferta,data,ora,nomeCampionato) values ('2020PL211',22,'Sheffield United','West Ham',1,0,'2020-01-10','21:00','Premier League');
insert into partita(codicePartita,giornata,squadraCasa,squadraTrasferta,golCasa,golTrasferta,data,ora,nomeCampionato) values ('2020PL212',22,'Crystal Palace','Arsenal',1,1,'2020-01-11','13:30','Premier League');
insert into partita(codicePartita,giornata,squadraCasa,squadraTrasferta,golCasa,golTrasferta,data,ora,nomeCampionato) values ('2020PL213',22,'Chelsea','Burnley',3,0,'2020-01-11','16:00','Premier League');
insert into partita(codicePartita,giornata,squadraCasa,squadraTrasferta,golCasa,golTrasferta,data,ora,nomeCampionato) values ('2020PL214',22,'Everton','Brighton',1,0,'2020-01-11','16:00','Premier League');
insert into partita(codicePartita,giornata,squadraCasa,squadraTrasferta,golCasa,golTrasferta,data,ora,nomeCampionato) values ('2020PL215',22,'Leicester','Southampton',1,2,'2020-01-11','16:00','Premier League');
insert into partita(codicePartita,giornata,squadraCasa,squadraTrasferta,golCasa,golTrasferta,data,ora,nomeCampionato) values ('2020PL216',22,'Manchester Utd','Norwich',4,0,'2020-01-11','16:00','Premier League');
insert into partita(codicePartita,giornata,squadraCasa,squadraTrasferta,golCasa,golTrasferta,data,ora,nomeCampionato) values ('2020PL217',22,'Wolves','Newcastle',1,1,'2020-01-11','16:00','Premier League');
insert into partita(codicePartita,giornata,squadraCasa,squadraTrasferta,golCasa,golTrasferta,data,ora,nomeCampionato) values ('2020PL218',22,'Tottenham','Liverpool',0,1,'2020-01-11','18:30','Premier League');
insert into partita(codicePartita,giornata,squadraCasa,squadraTrasferta,golCasa,golTrasferta,data,ora,nomeCampionato) values ('2020PL219',22,'Bournemouth','Watford',0,3,'2020-01-12','15:00','Premier League');
insert into partita(codicePartita,giornata,squadraCasa,squadraTrasferta,golCasa,golTrasferta,data,ora,nomeCampionato) values ('2020PL220',22,'Aston Villa','Manchester City',1,6,'2020-01-12','17:30','Premier League');

/* STAFF DIRIGENZA*/
insert into tesserati(idTesserati,nome,cognome,scadenzaContratto,età,stipendio,nomeSquadra) values ('ATADIR01','Antonio','Percassi',null,66,null,'Atalanta');
insert into tesserati(idTesserati,nome,cognome,scadenzaContratto,età,stipendio,nomeSquadra) values ('ATADIR02','Luca','Percassi',null,39,null,'Atalanta');
insert into tesserati(idTesserati,nome,cognome,scadenzaContratto,età,stipendio,nomeSquadra) values ('ATADIR03','Stefano','Percassi',null,45,null,'Atalanta');
insert into tesserati(idTesserati,nome,cognome,scadenzaContratto,età,stipendio,nomeSquadra) values ('ATADIR04','Matteo','Percassi',null,51,null,'Atalanta');
insert into dirigenza(idTesserati,ruolo) values ('ATADIR01','Presidente');
insert into dirigenza(idTesserati,ruolo) values ('ATADIR02','Amministratore Delegato');
insert into dirigenza(idTesserati,ruolo) values ('ATADIR03','Consigliere');
insert into dirigenza(idTesserati,ruolo) values ('ATADIR04','Consigliere');
/* STAFF TECNICO*/
insert into tesserati(idTesserati,nome,cognome,scadenzaContratto,età,stipendio,nomeSquadra) values ('ATASTT01','Gianpiero','Gasperini','2022-06-30',61,2200000,'Atalanta');
insert into tesserati(idTesserati,nome,cognome,scadenzaContratto,età,stipendio,nomeSquadra) values ('ATASTT02','Tullio','Gritti','2022-06-30',45,250000,'Atalanta');
insert into tesserati(idTesserati,nome,cognome,scadenzaContratto,età,stipendio,nomeSquadra) values ('ATASTT03','Mauro','Fumagalli','2022-06-30',56,100000,'Atalanta');
insert into stafftecnico(idTesserati,ruolo) values ('ATASTT01','Allenatore');
insert into stafftecnico(idTesserati,ruolo) values ('ATASTT02','Allenatore in seconda');
insert into stafftecnico(idTesserati,ruolo) values ('ATASTT03','Collaboratore');
/* STAFF MEDICO*/
insert into tesserati(idTesserati,nome,cognome,scadenzaContratto,età,stipendio,nomeSquadra) values ('ATASTM01','Paolo','Amaddeo','2022-06-30',67,200000,'Atalanta');
insert into tesserati(idTesserati,nome,cognome,scadenzaContratto,età,stipendio,nomeSquadra) values ('ATASTM02','Marco','Bruzzone','2022-06-30',41,50000,'Atalanta');
insert into tesserati(idTesserati,nome,cognome,scadenzaContratto,età,stipendio,nomeSquadra) values ('ATASTM03','Michele','Locatelli','2022-06-30',37,200000,'Atalanta');
insert into staffmedico(idTesserati,specializzazione) values ('ATASTM01','Responsabile Sanitario');
insert into staffmedico(idTesserati,specializzazione) values ('ATASTM02','Medico Sociale');
insert into staffmedico(idTesserati,specializzazione) values ('ATASTM03','Fisiotereapista');
/* GIOCATORI*/
insert into tesserati(idTesserati,nome,cognome,scadenzaContratto,età,stipendio,nomeSquadra) values ('ATAGIO01','Marco','Sportiello','2021-06-30',27,1000000,'Atalanta');
insert into tesserati(idTesserati,nome,cognome,scadenzaContratto,età,stipendio,nomeSquadra) values ('ATAGIO02','Pierluigi','Gollini','2023-06-30',24,2000000,'Atalanta');
insert into tesserati(idTesserati,nome,cognome,scadenzaContratto,età,stipendio,nomeSquadra) values ('ATAGIO03','Rafael','Toloi','2023-06-30',29,1500000,'Atalanta');
insert into tesserati(idTesserati,nome,cognome,scadenzaContratto,età,stipendio,nomeSquadra) values ('ATAGIO04','Josè','Palomino','2020-06-30',30,1000000,'Atalanta');
insert into tesserati(idTesserati,nome,cognome,scadenzaContratto,età,stipendio,nomeSquadra) values ('ATAGIO05','Timothy','Castagne','2021-06-30',24,1000000,'Atalanta');
insert into tesserati(idTesserati,nome,cognome,scadenzaContratto,età,stipendio,nomeSquadra) values ('ATAGIO06','Berat','Djimsiti','2022-06-30',26,1500000,'Atalanta');
insert into tesserati(idTesserati,nome,cognome,scadenzaContratto,età,stipendio,nomeSquadra) values ('ATAGIO07','Robin','Gosens','2022-06-30',25,1000000,'Atalanta');
insert into tesserati(idTesserati,nome,cognome,scadenzaContratto,età,stipendio,nomeSquadra) values ('ATAGIO08','Hans','Hateboer','2022-06-30',26,2000000,'Atalanta');
insert into tesserati(idTesserati,nome,cognome,scadenzaContratto,età,stipendio,nomeSquadra) values ('ATAGIO09','Mario','Pasalic','2020-06-30',24,500000,'Atalanta');
insert into tesserati(idTesserati,nome,cognome,scadenzaContratto,età,stipendio,nomeSquadra) values ('ATAGIO10','Remo','Freuler','2022-06-30',27,2000000,'Atalanta');
insert into tesserati(idTesserati,nome,cognome,scadenzaContratto,età,stipendio,nomeSquadra) values ('ATAGIO11','Marten','De Roon','2021-06-30',28,1800000,'Atalanta');
insert into tesserati(idTesserati,nome,cognome,scadenzaContratto,età,stipendio,nomeSquadra) values ('ATAGIO12','Josip','Ilicic','2020-06-30',31,2500000,'Atalanta');
insert into tesserati(idTesserati,nome,cognome,scadenzaContratto,età,stipendio,nomeSquadra) values ('ATAGIO13','Papu','Gomez','2022-06-30',31,1500000,'Atalanta');
insert into tesserati(idTesserati,nome,cognome,scadenzaContratto,età,stipendio,nomeSquadra) values ('ATAGIO14','Duvan','Zapata','2023-06-30',28,2000000,'Atalanta');
insert into tesserati(idTesserati,nome,cognome,scadenzaContratto,età,stipendio,nomeSquadra) values ('ATAGIO15','Luis','Muriel','2024-06-30',28,3000000,'Atalanta');
insert into giocatore(idTesserati,ruolo,golFatti,golSubiti,assist,partiteGiocate,trofei,cartelliniGialli,cartelliniRossi) values ('ATAGIO01','Portiere',0,120,0,100,0,6,1);
insert into giocatore(idTesserati,ruolo,golFatti,golSubiti,assist,partiteGiocate,trofei,cartelliniGialli,cartelliniRossi) values ('ATAGIO02','Portiere',0,80,0,60,0,3,0);
insert into giocatore(idTesserati,ruolo,golFatti,golSubiti,assist,partiteGiocate,trofei,cartelliniGialli,cartelliniRossi) values ('ATAGIO03','Difensore',3,NULL,3,200,0,20,5);
insert into giocatore(idTesserati,ruolo,golFatti,golSubiti,assist,partiteGiocate,trofei,cartelliniGialli,cartelliniRossi) values ('ATAGIO04','Difensore',7,NULL,2,500,0,23,5);
insert into giocatore(idTesserati,ruolo,golFatti,golSubiti,assist,partiteGiocate,trofei,cartelliniGialli,cartelliniRossi) values ('ATAGIO05','Difensore',3,NULL,3,200,0,20,3);
insert into giocatore(idTesserati,ruolo,golFatti,golSubiti,assist,partiteGiocate,trofei,cartelliniGialli,cartelliniRossi) values ('ATAGIO06','Difensore',3,NULL,3,150,0,10,2);
insert into giocatore(idTesserati,ruolo,golFatti,golSubiti,assist,partiteGiocate,trofei,cartelliniGialli,cartelliniRossi) values ('ATAGIO07','Difensore',10,NULL,5,50,0,5,1);
insert into giocatore(idTesserati,ruolo,golFatti,golSubiti,assist,partiteGiocate,trofei,cartelliniGialli,cartelliniRossi) values ('ATAGIO08','Difensore',3,NULL,8,200,0,20,1);
insert into giocatore(idTesserati,ruolo,golFatti,golSubiti,assist,partiteGiocate,trofei,cartelliniGialli,cartelliniRossi) values ('ATAGIO09','Centrocampista',7,NULL,10,200,0,2,1);
insert into giocatore(idTesserati,ruolo,golFatti,golSubiti,assist,partiteGiocate,trofei,cartelliniGialli,cartelliniRossi) values ('ATAGIO10','Centrocampista',7,NULL,4,100,0,10,2);
insert into giocatore(idTesserati,ruolo,golFatti,golSubiti,assist,partiteGiocate,trofei,cartelliniGialli,cartelliniRossi) values ('ATAGIO11','Centrocampista',5,NULL,4,100,0,6,2);
insert into giocatore(idTesserati,ruolo,golFatti,golSubiti,assist,partiteGiocate,trofei,cartelliniGialli,cartelliniRossi) values ('ATAGIO12','Centrocampista',45,NULL,17,200,0,5,2);
insert into giocatore(idTesserati,ruolo,golFatti,golSubiti,assist,partiteGiocate,trofei,cartelliniGialli,cartelliniRossi) values ('ATAGIO13','Attaccante',40,NULL,4,100,0,10,1);
insert into giocatore(idTesserati,ruolo,golFatti,golSubiti,assist,partiteGiocate,trofei,cartelliniGialli,cartelliniRossi) values ('ATAGIO14','Attaccante',67,NULL,4,100,0,10,0);
insert into giocatore(idTesserati,ruolo,golFatti,golSubiti,assist,partiteGiocate,trofei,cartelliniGialli,cartelliniRossi) values ('ATAGIO15','Attaccante',100,NULL,4,400,0,22,4);

/* STAFF DIRIGENZA*/
insert into tesserati(idTesserati,nome,cognome,scadenzaContratto,età,stipendio,nomeSquadra) values ('BOLDIR01','Joey','Saputo',null,55,null,'Bologna');
insert into tesserati(idTesserati,nome,cognome,scadenzaContratto,età,stipendio,nomeSquadra) values ('BOLDIR02','Claudio','Fenucci',null,59,null,'Bologna');
insert into tesserati(idTesserati,nome,cognome,scadenzaContratto,età,stipendio,nomeSquadra) values ('BOLDIR03','Riccardo','Bigon',null,48,null,'Bologna');
insert into tesserati(idTesserati,nome,cognome,scadenzaContratto,età,stipendio,nomeSquadra) values ('BOLDIR04','Walter','Sabatini',null,64,null,'Bologna');
insert into dirigenza(idTesserati,ruolo) values ('BOLDIR01','Presidente');
insert into dirigenza(idTesserati,ruolo) values ('BOLDIR02','Amministratore Delegato');
insert into dirigenza(idTesserati,ruolo) values ('BOLDIR03','Direttore Sportivo');
insert into dirigenza(idTesserati,ruolo) values ('BOLDIR04','Coordinatore Sportivo');
/* STAFF TECNICO*/
insert into tesserati(idTesserati,nome,cognome,scadenzaContratto,età,stipendio,nomeSquadra) values ('BOLSTT01','Sinisa','Mihajlovic','2022-06-30',50,1200000,'Bologna');
insert into tesserati(idTesserati,nome,cognome,scadenzaContratto,età,stipendio,nomeSquadra) values ('BOLSTT02','Miroslav','Tanjga','2022-06-30',55,350000,'Bologna');
insert into tesserati(idTesserati,nome,cognome,scadenzaContratto,età,stipendio,nomeSquadra) values ('BOLSTT03','Gabriel','Raimondi','2022-06-30',42,100000,'Bologna');
insert into stafftecnico(idTesserati,ruolo) values ('BOLSTT01','Allenatore');
insert into stafftecnico(idTesserati,ruolo) values ('BOLSTT02','Allenatore in seconda');
insert into stafftecnico(idTesserati,ruolo) values ('BOLSTT03','Collaboratore');
/* STAFF MEDICO*/
insert into tesserati(idTesserati,nome,cognome,scadenzaContratto,età,stipendio,nomeSquadra) values ('BOLSTM01','Gianni','Nanni','2022-06-30',65,200000,'Bologna');
insert into tesserati(idTesserati,nome,cognome,scadenzaContratto,età,stipendio,nomeSquadra) values ('BOLSTM02','Luca','Bini','2022-06-30',41,100000,'Bologna');
insert into tesserati(idTesserati,nome,cognome,scadenzaContratto,età,stipendio,nomeSquadra) values ('BOLSTM03','Luca','Ghelli','2022-06-30',57,50000,'Bologna');
insert into staffmedico(idTesserati,specializzazione) values ('BOLSTM01','Responsabile Sanitario');
insert into staffmedico(idTesserati,specializzazione) values ('BOLSTM02','Medico Sociale');
insert into staffmedico(idTesserati,specializzazione) values ('BOLSTM03','Fisiotereapista');
/* GIOCATORI*/
insert into tesserati(idTesserati,nome,cognome,scadenzaContratto,età,stipendio,nomeSquadra) values ('BOLGIO01','Lukasz','Skorupski','2023-06-30',28,1500000,'Bologna');
insert into tesserati(idTesserati,nome,cognome,scadenzaContratto,età,stipendio,nomeSquadra) values ('BOLGIO02','Angelo','Da Costa','2020-06-30',36,500000,'Bologna');
insert into tesserati(idTesserati,nome,cognome,scadenzaContratto,età,stipendio,nomeSquadra) values ('BOLGIO03','Mattia','Bani','2023-06-30',26,1500000,'Bologna');
insert into tesserati(idTesserati,nome,cognome,scadenzaContratto,età,stipendio,nomeSquadra) values ('BOLGIO04','Stefano','Denswill','2022-06-30',26,1000000,'Bologna');
insert into tesserati(idTesserati,nome,cognome,scadenzaContratto,età,stipendio,nomeSquadra) values ('BOLGIO05','Gabriele','Corbo','2023-06-30',20,400000,'Bologna');
insert into tesserati(idTesserati,nome,cognome,scadenzaContratto,età,stipendio,nomeSquadra) values ('BOLGIO06','Ibrahima','Mbaye','2023-06-30',25,1000000,'Bologna');
insert into tesserati(idTesserati,nome,cognome,scadenzaContratto,età,stipendio,nomeSquadra) values ('BOLGIO07','Takehiro','Tomiyasu','2024-06-30',21,150000,'Bologna');
insert into tesserati(idTesserati,nome,cognome,scadenzaContratto,età,stipendio,nomeSquadra) values ('BOLGIO08','Gary','Medel','2022-06-30',32,1400000,'Bologna');
insert into tesserati(idTesserati,nome,cognome,scadenzaContratto,età,stipendio,nomeSquadra) values ('BOLGIO09','Roberto','Soriano','2023-06-30',28,1500000,'Bologna');
insert into tesserati(idTesserati,nome,cognome,scadenzaContratto,età,stipendio,nomeSquadra) values ('BOLGIO10','Andrea','Poli','2021-06-30',30,2000000,'Bologna');
insert into tesserati(idTesserati,nome,cognome,scadenzaContratto,età,stipendio,nomeSquadra) values ('BOLGIO11','Blerim','Dzemaili','2020-06-30',33,1800000,'Bologna');
insert into tesserati(idTesserati,nome,cognome,scadenzaContratto,età,stipendio,nomeSquadra) values ('BOLGIO12','Nicola','Sansone','2023-06-30',28,1500000,'Bologna');
insert into tesserati(idTesserati,nome,cognome,scadenzaContratto,età,stipendio,nomeSquadra) values ('BOLGIO13','Riccardo','Orsolini','2022-06-30',22,1900000,'Bologna');
insert into tesserati(idTesserati,nome,cognome,scadenzaContratto,età,stipendio,nomeSquadra) values ('BOLGIO14','Federico','Santander','2022-06-30',28,1000000,'Bologna');
insert into tesserati(idTesserati,nome,cognome,scadenzaContratto,età,stipendio,nomeSquadra) values ('BOLGIO15','Rodrigo','Palacio','2020-06-30',37,1500000,'Bologna');

insert into giocatore(idTesserati,ruolo,golFatti,golSubiti,assist,partiteGiocate,trofei,cartelliniGialli,cartelliniRossi) values ('BOLGIO01','Portiere',0,400,0,250,0,6,1);
insert into giocatore(idTesserati,ruolo,golFatti,golSubiti,assist,partiteGiocate,trofei,cartelliniGialli,cartelliniRossi) values ('BOLGIO02','Portiere',0,50,0,26,0,3,0);
insert into giocatore(idTesserati,ruolo,golFatti,golSubiti,assist,partiteGiocate,trofei,cartelliniGialli,cartelliniRossi) values ('BOLGIO03','Difensore',1,NULL,0,200,0,20,5);
insert into giocatore(idTesserati,ruolo,golFatti,golSubiti,assist,partiteGiocate,trofei,cartelliniGialli,cartelliniRossi) values ('BOLGIO04','Difensore',2,NULL,2,70,0,23,1);
insert into giocatore(idTesserati,ruolo,golFatti,golSubiti,assist,partiteGiocate,trofei,cartelliniGialli,cartelliniRossi) values ('BOLGIO05','Difensore',0,NULL,1,20,0,6,1);
insert into giocatore(idTesserati,ruolo,golFatti,golSubiti,assist,partiteGiocate,trofei,cartelliniGialli,cartelliniRossi) values ('BOLGIO06','Difensore',3,NULL,0,150,0,10,2);
insert into giocatore(idTesserati,ruolo,golFatti,golSubiti,assist,partiteGiocate,trofei,cartelliniGialli,cartelliniRossi) values ('BOLGIO07','Difensore',0,NULL,3,19,0,3,1);
insert into giocatore(idTesserati,ruolo,golFatti,golSubiti,assist,partiteGiocate,trofei,cartelliniGialli,cartelliniRossi) values ('BOLGIO08','Difensore',3,NULL,6,200,0,20,1);
insert into giocatore(idTesserati,ruolo,golFatti,golSubiti,assist,partiteGiocate,trofei,cartelliniGialli,cartelliniRossi) values ('BOLGIO09','Centrocampista',7,NULL,1,200,0,2,1);
insert into giocatore(idTesserati,ruolo,golFatti,golSubiti,assist,partiteGiocate,trofei,cartelliniGialli,cartelliniRossi) values ('BOLGIO10','Centrocampista',7,NULL,4,100,0,10,2);
insert into giocatore(idTesserati,ruolo,golFatti,golSubiti,assist,partiteGiocate,trofei,cartelliniGialli,cartelliniRossi) values ('BOLGIO11','Centrocampista',5,NULL,2,100,0,6,2);
insert into giocatore(idTesserati,ruolo,golFatti,golSubiti,assist,partiteGiocate,trofei,cartelliniGialli,cartelliniRossi) values ('BOLGIO12','Centrocampista',45,NULL,3,200,0,5,2);
insert into giocatore(idTesserati,ruolo,golFatti,golSubiti,assist,partiteGiocate,trofei,cartelliniGialli,cartelliniRossi) values ('BOLGIO13','Attaccante',40,NULL,5,100,0,10,1);
insert into giocatore(idTesserati,ruolo,golFatti,golSubiti,assist,partiteGiocate,trofei,cartelliniGialli,cartelliniRossi) values ('BOLGIO14','Attaccante',10,NULL,4,100,0,3,0);
insert into giocatore(idTesserati,ruolo,golFatti,golSubiti,assist,partiteGiocate,trofei,cartelliniGialli,cartelliniRossi) values ('BOLGIO15','Attaccante',130,NULL,20,00,1,22,4);


/* DIRIGENZA*/
insert into tesserati(idTesserati,nome,cognome,scadenzaContratto,età,stipendio,nomeSquadra) values ('BREDIR01','Massimo','Cellino',null,63,null,'Brescia');
insert into tesserati(idTesserati,nome,cognome,scadenzaContratto,età,stipendio,nomeSquadra) values ('BREDIR02','Edoardo','Cellino',null,32,null,'Brescia');
insert into tesserati(idTesserati,nome,cognome,scadenzaContratto,età,stipendio,nomeSquadra) values ('BREDIR03','Stefano','Cordone',null,50,null,'Brescia');
insert into tesserati(idTesserati,nome,cognome,scadenzaContratto,età,stipendio,nomeSquadra) values ('BREDIR04','Giampiero','Rampinelli',null,64,null,'Brescia');
insert into dirigenza(idTesserati,ruolo) values ('BREDIR01','Presidente');
insert into dirigenza(idTesserati,ruolo) values ('BREDIR02','Amministratore Delegato');
insert into dirigenza(idTesserati,ruolo) values ('BREDIR03','Direttore Sportivo');
insert into dirigenza(idTesserati,ruolo) values ('BREDIR04','Consigliere');
/* STAFF TECNICO*/
insert into tesserati(idTesserati,nome,cognome,scadenzaContratto,età,stipendio,nomeSquadra) values ('BRESTT01','Eugenio','Corini','2020-06-30',49,800000,'Brescia');
insert into tesserati(idTesserati,nome,cognome,scadenzaContratto,età,stipendio,nomeSquadra) values ('BRESTT02','Salvatore','Lanna','2020-06-30',43,150000,'Brescia');
insert into tesserati(idTesserati,nome,cognome,scadenzaContratto,età,stipendio,nomeSquadra) values ('BRESTT03','Alessandro','Vitrani','2020-06-30',55,80000,'Brescia');
insert into stafftecnico(idTesserati,ruolo) values ('BRESTT01','Allenatore');
insert into stafftecnico(idTesserati,ruolo) values ('BRESTT02','Allenatore in seconda');
insert into stafftecnico(idTesserati,ruolo) values ('BRESTT03','Allenatore dei portieri');
/* STAFF MEDICO*/
insert into tesserati(idTesserati,nome,cognome,scadenzaContratto,età,stipendio,nomeSquadra) values ('BRESTM01','Piergiuseppe','Belotti','2024-06-30',65,100000,'Brescia');
insert into tesserati(idTesserati,nome,cognome,scadenzaContratto,età,stipendio,nomeSquadra) values ('BRESTM02','Marco','Barbieri','2024-06-30',67,40000,'Brescia');
insert into tesserati(idTesserati,nome,cognome,scadenzaContratto,età,stipendio,nomeSquadra) values ('BRESTM03','Francesco','Todde','2024-06-30',47,50000,'Brescia');
insert into staffmedico(idTesserati,specializzazione) values ('BRESTM01','Responsabile Sanitario');
insert into staffmedico(idTesserati,specializzazione) values ('BRESTM02','Recupero Infortuni');
insert into staffmedico(idTesserati,specializzazione) values ('BRESTM03','Fisiotereapista');
/* GIOCATORI*/
insert into tesserati(idTesserati,nome,cognome,scadenzaContratto,età,stipendio,nomeSquadra) values ('BREGIO01','Jesse','Joronen','2022-06-30',26,800000,'Brescia');
insert into tesserati(idTesserati,nome,cognome,scadenzaContratto,età,stipendio,nomeSquadra) values ('BREGIO02','Enrico','Alfonso','2021-06-30',31,200000,'Brescia');
insert into tesserati(idTesserati,nome,cognome,scadenzaContratto,età,stipendio,nomeSquadra) values ('BREGIO03','Andrea','Cistana','2021-06-30',22,900000,'Brescia');
insert into tesserati(idTesserati,nome,cognome,scadenzaContratto,età,stipendio,nomeSquadra) values ('BREGIO04','Giangiacomo','Magnani','2020-06-30',24,250000,'Brescia');
insert into tesserati(idTesserati,nome,cognome,scadenzaContratto,età,stipendio,nomeSquadra) values ('BREGIO05','Jhon','Chancellor','2022-06-30',28,400000,'Brescia');
insert into tesserati(idTesserati,nome,cognome,scadenzaContratto,età,stipendio,nomeSquadra) values ('BREGIO06','Stefano','Sabelli','2021-06-30',27,1000000,'Brescia');
insert into tesserati(idTesserati,nome,cognome,scadenzaContratto,età,stipendio,nomeSquadra) values ('BREGIO07','Ales','Mateju','2020-06-30',23,150000,'Brescia');
insert into tesserati(idTesserati,nome,cognome,scadenzaContratto,età,stipendio,nomeSquadra) values ('BREGIO08','Sandro','Tonali','2021-06-30',19,1000000,'Brescia');
insert into tesserati(idTesserati,nome,cognome,scadenzaContratto,età,stipendio,nomeSquadra) values ('BREGIO09','Dimitri','Bisoli','2023-06-30',25,500000,'Brescia');
insert into tesserati(idTesserati,nome,cognome,scadenzaContratto,età,stipendio,nomeSquadra) values ('BREGIO10','Nikolas','Spalek','2022-06-30',22,650000,'Brescia');
insert into tesserati(idTesserati,nome,cognome,scadenzaContratto,età,stipendio,nomeSquadra) values ('BREGIO11','Mattia','Viviani','2021-06-30',19,400000,'Brescia');
insert into tesserati(idTesserati,nome,cognome,scadenzaContratto,età,stipendio,nomeSquadra) values ('BREGIO12','Emanuele','Ndoj','2022-06-30',28,500000,'Brescia');
insert into tesserati(idTesserati,nome,cognome,scadenzaContratto,età,stipendio,nomeSquadra) values ('BREGIO13','Mario','Balotelli','2022-06-30',22,2000000,'Brescia');
insert into tesserati(idTesserati,nome,cognome,scadenzaContratto,età,stipendio,nomeSquadra) values ('BREGIO14','Alfredo','Donnarumma','2022-06-30',29,800000,'Brescia');
insert into tesserati(idTesserati,nome,cognome,scadenzaContratto,età,stipendio,nomeSquadra) values ('BREGIO15','Ernesto','Torregrossa','2022-06-30',27,1000000,'Brescia');

insert into giocatore(idTesserati,ruolo,golFatti,golSubiti,assist,partiteGiocate,trofei,cartelliniGialli,cartelliniRossi) values ('BREGIO01','Portiere',0,32,0,16,0,1,0);
insert into giocatore(idTesserati,ruolo,golFatti,golSubiti,assist,partiteGiocate,trofei,cartelliniGialli,cartelliniRossi) values ('BREGIO02','Portiere',0,4,0,3,0,0,0);
insert into giocatore(idTesserati,ruolo,golFatti,golSubiti,assist,partiteGiocate,trofei,cartelliniGialli,cartelliniRossi) values ('BREGIO03','Difensore',1,NULL,0,17,0,7,1);
insert into giocatore(idTesserati,ruolo,golFatti,golSubiti,assist,partiteGiocate,trofei,cartelliniGialli,cartelliniRossi) values ('BREGIO04','Difensore',0,NULL,1,21,0,4,0);
insert into giocatore(idTesserati,ruolo,golFatti,golSubiti,assist,partiteGiocate,trofei,cartelliniGialli,cartelliniRossi) values ('BREGIO05','Difensore',2,NULL,0,16,0,3,0);
insert into giocatore(idTesserati,ruolo,golFatti,golSubiti,assist,partiteGiocate,trofei,cartelliniGialli,cartelliniRossi) values ('BREGIO06','Difensore',1,NULL,2,26,0,3,0);
insert into giocatore(idTesserati,ruolo,golFatti,golSubiti,assist,partiteGiocate,trofei,cartelliniGialli,cartelliniRossi) values ('BREGIO07','Difensore',0,NULL,1,16,0,1,0);
insert into giocatore(idTesserati,ruolo,golFatti,golSubiti,assist,partiteGiocate,trofei,cartelliniGialli,cartelliniRossi) values ('BREGIO08','Centrocampista',1,NULL,2,18,0,5,0);
insert into giocatore(idTesserati,ruolo,golFatti,golSubiti,assist,partiteGiocate,trofei,cartelliniGialli,cartelliniRossi) values ('BREGIO09','Centrocampista',0,NULL,1,19,0,5,0);
insert into giocatore(idTesserati,ruolo,golFatti,golSubiti,assist,partiteGiocate,trofei,cartelliniGialli,cartelliniRossi) values ('BREGIO10','Centrocampista',1,NULL,1,13,0,3,0);
insert into giocatore(idTesserati,ruolo,golFatti,golSubiti,assist,partiteGiocate,trofei,cartelliniGialli,cartelliniRossi) values ('BREGIO11','Centrocampista',0,NULL,0,3,0,0,0);
insert into giocatore(idTesserati,ruolo,golFatti,golSubiti,assist,partiteGiocate,trofei,cartelliniGialli,cartelliniRossi) values ('BREGIO12','Centrocampista',0,NULL,1,8,0,1,0);
insert into giocatore(idTesserati,ruolo,golFatti,golSubiti,assist,partiteGiocate,trofei,cartelliniGialli,cartelliniRossi) values ('BREGIO13','Attaccante',52,NULL,6,136,3,18,5);
insert into giocatore(idTesserati,ruolo,golFatti,golSubiti,assist,partiteGiocate,trofei,cartelliniGialli,cartelliniRossi) values ('BREGIO14','Attaccante',4,NULL,0,16,0,3,0);
insert into giocatore(idTesserati,ruolo,golFatti,golSubiti,assist,partiteGiocate,trofei,cartelliniGialli,cartelliniRossi) values ('BREGIO15','Attaccante',1,NULL,1,9,0,3,0);


/* DIRIGENZA*/
insert into tesserati(idTesserati,nome,cognome,scadenzaContratto,età,stipendio,nomeSquadra) values ('CAGDIR01','Tommaso','Giulini',null,42,null,'Cagliari');
insert into tesserati(idTesserati,nome,cognome,scadenzaContratto,età,stipendio,nomeSquadra) values ('CAGDIR02','Carlo','Catte',null,62,null,'Cagliari');
insert into tesserati(idTesserati,nome,cognome,scadenzaContratto,età,stipendio,nomeSquadra) values ('CAGDIR03','Marcello','Carli',null,45,null,'Cagliari');
insert into tesserati(idTesserati,nome,cognome,scadenzaContratto,età,stipendio,nomeSquadra) values ('CAGDIR04','Massimo','Delogu',null,54,null,'Cagliari');
insert into dirigenza(idTesserati,ruolo) values ('CAGDIR01','Presidente');
insert into dirigenza(idTesserati,ruolo) values ('CAGDIR02','Amministratore Delegato');
insert into dirigenza(idTesserati,ruolo) values ('CAGDIR03','Direttore Sportivo');
insert into dirigenza(idTesserati,ruolo) values ('CAGDIR04','Consigliere');
/* STAFF TECNICO*/
insert into tesserati(idTesserati,nome,cognome,scadenzaContratto,età,stipendio,nomeSquadra) values ('CAGSTT01','Rolando','Maran','2022-06-30',59,1200000,'Cagliari');
insert into tesserati(idTesserati,nome,cognome,scadenzaContratto,età,stipendio,nomeSquadra) values ('CAGSTT02','Christian','Maraner','2022-06-30',39,350000,'Cagliari');
insert into tesserati(idTesserati,nome,cognome,scadenzaContratto,età,stipendio,nomeSquadra) values ('CAGSTT03','Walter','Bressan','2022-06-30',60,100000,'Cagliari');
insert into stafftecnico(idTesserati,ruolo) values ('CAGSTT01','Allenatore');
insert into stafftecnico(idTesserati,ruolo) values ('CAGSTT02','Allenatore in seconda');
insert into stafftecnico(idTesserati,ruolo) values ('CAGSTT03','Allenatore dei portieri');
/* STAFF MEDICO*/
insert into tesserati(idTesserati,nome,cognome,scadenzaContratto,età,stipendio,nomeSquadra) values ('CAGSTM01','Marco','Scorcu','2023-06-30',45,200000,'Cagliari');
insert into tesserati(idTesserati,nome,cognome,scadenzaContratto,età,stipendio,nomeSquadra) values ('CAGSTM02','Francesco','Fois','2023-06-30',57,40000,'Cagliari');
insert into tesserati(idTesserati,nome,cognome,scadenzaContratto,età,stipendio,nomeSquadra) values ('CAGSTM03','Salvatore','Congiu','2023-06-30',47,10000,'Cagliari');
insert into staffmedico(idTesserati,specializzazione) values ('CAGSTM01','Responsabile Sanitario');
insert into staffmedico(idTesserati,specializzazione) values ('CAGSTM02','Recupero Infortuni');
insert into staffmedico(idTesserati,specializzazione) values ('CAGSTM03','Fisioterapista');
/* GIOCATORI*/
insert into tesserati(idTesserati,nome,cognome,scadenzaContratto,età,stipendio,nomeSquadra) values ('CAGGIO01','Alessio','Cragno','2024-06-30',25,1500000,'Cagliari');
insert into tesserati(idTesserati,nome,cognome,scadenzaContratto,età,stipendio,nomeSquadra) values ('CAGGIO02','Robin','Olsen','2020-06-30',31,1200000,'Cagliari');
insert into tesserati(idTesserati,nome,cognome,scadenzaContratto,età,stipendio,nomeSquadra) values ('CAGGIO03','Luca','Ceppitelli','2021-06-30',30,900000,'Cagliari');
insert into tesserati(idTesserati,nome,cognome,scadenzaContratto,età,stipendio,nomeSquadra) values ('CAGGIO04','Ragnar','Klavan','2020-06-30',34,250000,'Cagliari');
insert into tesserati(idTesserati,nome,cognome,scadenzaContratto,età,stipendio,nomeSquadra) values ('CAGGIO05','Fabio','Pisacane','2021-06-30',33,400000,'Cagliari');
insert into tesserati(idTesserati,nome,cognome,scadenzaContratto,età,stipendio,nomeSquadra) values ('CAGGIO06','Luca','Pellegrini','2020-06-30',20,1000000,'Cagliari');
insert into tesserati(idTesserati,nome,cognome,scadenzaContratto,età,stipendio,nomeSquadra) values ('CAGGIO07','Paolo','Faragò','2022-06-30',26,850000,'Cagliari');
insert into tesserati(idTesserati,nome,cognome,scadenzaContratto,età,stipendio,nomeSquadra) values ('CAGGIO08','Luca','Cigarini','2020-06-30',33,1000000,'Cagliari');
insert into tesserati(idTesserati,nome,cognome,scadenzaContratto,età,stipendio,nomeSquadra) values ('CAGGIO09','Nahitan','Nandez','2023-06-30',24,1300000,'Cagliari');
insert into tesserati(idTesserati,nome,cognome,scadenzaContratto,età,stipendio,nomeSquadra) values ('CAGGIO10','Marko','Rog','2024-06-30',24,1500000,'Cagliari');
insert into tesserati(idTesserati,nome,cognome,scadenzaContratto,età,stipendio,nomeSquadra) values ('CAGGIO11','Lucas','Castro','2021-06-30',30,1000000,'Cagliari');
insert into tesserati(idTesserati,nome,cognome,scadenzaContratto,età,stipendio,nomeSquadra) values ('CAGGIO12','Radja','Nainggolan','2020-06-30',31,3500000,'Cagliari');
insert into tesserati(idTesserati,nome,cognome,scadenzaContratto,età,stipendio,nomeSquadra) values ('CAGGIO13','Joao','Pedro','2023-06-30',27,1500000,'Cagliari');
insert into tesserati(idTesserati,nome,cognome,scadenzaContratto,età,stipendio,nomeSquadra) values ('CAGGIO14','Giovanni','Simeone','2020-06-30',24,800000,'Cagliari');
insert into tesserati(idTesserati,nome,cognome,scadenzaContratto,età,stipendio,nomeSquadra) values ('CAGGIO15','Leonardo','Pavoletti','2022-06-30',31,1800000,'Cagliari');

insert into giocatore(idTesserati,ruolo,golFatti,golSubiti,assist,partiteGiocate,trofei,cartelliniGialli,cartelliniRossi) values ('CAGGIO01','Portiere',0,127,0,81,0,2,0);
insert into giocatore(idTesserati,ruolo,golFatti,golSubiti,assist,partiteGiocate,trofei,cartelliniGialli,cartelliniRossi) values ('CAGGIO02','Portiere',0,60,41,0,0,2,0);
insert into giocatore(idTesserati,ruolo,golFatti,golSubiti,assist,partiteGiocate,trofei,cartelliniGialli,cartelliniRossi) values ('CAGGIO03','Difensore',6,NULL,1,104,0,12,2);
insert into giocatore(idTesserati,ruolo,golFatti,golSubiti,assist,partiteGiocate,trofei,cartelliniGialli,cartelliniRossi) values ('CAGGIO04','Difensore',0,NULL,0,16,0,4,0);
insert into giocatore(idTesserati,ruolo,golFatti,golSubiti,assist,partiteGiocate,trofei,cartelliniGialli,cartelliniRossi) values ('CAGGIO05','Difensore',3,NULL,2,97,0,8,1);
insert into giocatore(idTesserati,ruolo,golFatti,golSubiti,assist,partiteGiocate,trofei,cartelliniGialli,cartelliniRossi) values ('CAGGIO06','Difensore',0,NULL,5,30,0,4,0);
insert into giocatore(idTesserati,ruolo,golFatti,golSubiti,assist,partiteGiocate,trofei,cartelliniGialli,cartelliniRossi) values ('CAGGIO07','Difensore',4,NULL,8,78,0,7,0);
insert into giocatore(idTesserati,ruolo,golFatti,golSubiti,assist,partiteGiocate,trofei,cartelliniGialli,cartelliniRossi) values ('CAGGIO08','Centrocampista',18,NULL,54,342,0,25,3);
insert into giocatore(idTesserati,ruolo,golFatti,golSubiti,assist,partiteGiocate,trofei,cartelliniGialli,cartelliniRossi) values ('CAGGIO09','Centrocampista',1,NULL,3,19,0,6,0);
insert into giocatore(idTesserati,ruolo,golFatti,golSubiti,assist,partiteGiocate,trofei,cartelliniGialli,cartelliniRossi) values ('CAGGIO10','Centrocampista',3,NULL,0,69,0,8,0);
insert into giocatore(idTesserati,ruolo,golFatti,golSubiti,assist,partiteGiocate,trofei,cartelliniGialli,cartelliniRossi) values ('CAGGIO11','Centrocampista',21,NULL,18,183,0,7,1);
insert into giocatore(idTesserati,ruolo,golFatti,golSubiti,assist,partiteGiocate,trofei,cartelliniGialli,cartelliniRossi) values ('CAGGIO12','Centrocampista',45,NULL,33,331,0,18,2);
insert into giocatore(idTesserati,ruolo,golFatti,golSubiti,assist,partiteGiocate,trofei,cartelliniGialli,cartelliniRossi) values ('CAGGIO13','Attaccante',35,NULL,10,127,0,5,3);
insert into giocatore(idTesserati,ruolo,golFatti,golSubiti,assist,partiteGiocate,trofei,cartelliniGialli,cartelliniRossi) values ('CAGGIO14','Attaccante',37,NULL,10,127,0,3,0);
insert into giocatore(idTesserati,ruolo,golFatti,golSubiti,assist,partiteGiocate,trofei,cartelliniGialli,cartelliniRossi) values ('CAGGIO15','Attaccante',51,NULL,6,127,0,2,1);

/* DIRIGENZA*/
insert into tesserati(idTesserati,nome,cognome,scadenzaContratto,età,stipendio,nomeSquadra) values ('FIODIR01','Rocco','Commisso',null,70,null,'Fiorentina');
insert into tesserati(idTesserati,nome,cognome,scadenzaContratto,età,stipendio,nomeSquadra) values ('FIODIR02','Mark','Stephan',null,55,null,'Fiorentina');
insert into tesserati(idTesserati,nome,cognome,scadenzaContratto,età,stipendio,nomeSquadra) values ('FIODIR03','Daniele','Pradè',null,52,null,'Fiorentina');
insert into tesserati(idTesserati,nome,cognome,scadenzaContratto,età,stipendio,nomeSquadra) values ('FIODIR04','Joseph','Commisso',null,38,null,'Fiorentina');
insert into dirigenza(idTesserati,ruolo) values ('FIODIR01','Presidente');
insert into dirigenza(idTesserati,ruolo) values ('FIODIR02','Amministratore Delegato');
insert into dirigenza(idTesserati,ruolo) values ('FIODIR03','Direttore Sportivo');
insert into dirigenza(idTesserati,ruolo) values ('FIODIR04','Consigliere');
/* STAFF TECNICO*/
insert into tesserati(idTesserati,nome,cognome,scadenzaContratto,età,stipendio,nomeSquadra) values ('FIOSTT01','Giuseppe','Iachini','2021-06-30',55,1000000,'Fiorentina');
insert into tesserati(idTesserati,nome,cognome,scadenzaContratto,età,stipendio,nomeSquadra) values ('FIOSTT02','Giuseppe','Carrillo','2021-06-30',54,250000,'Fiorentina');
insert into tesserati(idTesserati,nome,cognome,scadenzaContratto,età,stipendio,nomeSquadra) values ('FIOSTT03','Alejandro','Lopez','2021-06-30',42,80000,'Fiorentina');
insert into stafftecnico(idTesserati,ruolo) values ('FIOSTT01','Allenatore');
insert into stafftecnico(idTesserati,ruolo) values ('FIOSTT02','Allenatore in seconda');
insert into stafftecnico(idTesserati,ruolo) values ('FIOSTT03','Allenatore dei portieri');
/* STAFF MEDICO*/
insert into tesserati(idTesserati,nome,cognome,scadenzaContratto,età,stipendio,nomeSquadra) values ('FIOSTM01','Luca','Pengue','2023-06-30',43,400000,'Fiorentina');
insert into tesserati(idTesserati,nome,cognome,scadenzaContratto,età,stipendio,nomeSquadra) values ('FIOSTM02','Stefano','Dainelli','2023-06-30',57,100000,'Fiorentina');
insert into tesserati(idTesserati,nome,cognome,scadenzaContratto,età,stipendio,nomeSquadra) values ('FIOSTM03','Maurizio','Fagorzi','2023-06-30',60,10000,'Fiorentina');
insert into staffmedico(idTesserati,specializzazione) values ('FIOSTM01','Responsabile Sanitario');
insert into staffmedico(idTesserati,specializzazione) values ('FIOSTM02','Recupero Infortuni');
insert into staffmedico(idTesserati,specializzazione) values ('FIOSTM03','Fisioterapista');
/* GIOCATORI*/
insert into tesserati(idTesserati,nome,cognome,scadenzaContratto,età,stipendio,nomeSquadra) values ('FIOGIO01','Bartlomiej','Dragowski','2023-06-30',22,12500000,'Fiorentina');
insert into tesserati(idTesserati,nome,cognome,scadenzaContratto,età,stipendio,nomeSquadra) values ('FIOGIO02','Pietro','Terracciano','2021-06-30',29,350000,'Fiorentina');
insert into tesserati(idTesserati,nome,cognome,scadenzaContratto,età,stipendio,nomeSquadra) values ('FIOGIO03','Nikola','Milenkovic','2022-06-30',22,1300000,'Fiorentina');
insert into tesserati(idTesserati,nome,cognome,scadenzaContratto,età,stipendio,nomeSquadra) values ('FIOGIO04','Germàn','Pezzella','2022-06-30',28,1500000,'Fiorentina');
insert into tesserati(idTesserati,nome,cognome,scadenzaContratto,età,stipendio,nomeSquadra) values ('FIOGIO05','Martin','Caceres','2020-06-30',32,400000,'Fiorentina');
insert into tesserati(idTesserati,nome,cognome,scadenzaContratto,età,stipendio,nomeSquadra) values ('FIOGIO06','Pol','Lilora','2020-06-30',22,1750000,'Fiorentina');
insert into tesserati(idTesserati,nome,cognome,scadenzaContratto,età,stipendio,nomeSquadra) values ('FIOGIO07','Luca','Ranieri','2024-06-30',20,350000,'Fiorentina');
insert into tesserati(idTesserati,nome,cognome,scadenzaContratto,età,stipendio,nomeSquadra) values ('FIOGIO08','Erick','Pulgar','2023-06-30',26,1500000,'Fiorentina');
insert into tesserati(idTesserati,nome,cognome,scadenzaContratto,età,stipendio,nomeSquadra) values ('FIOGIO09','Milan','Badelj','2020-06-30',30,1250000,'Fiorentina');
insert into tesserati(idTesserati,nome,cognome,scadenzaContratto,età,stipendio,nomeSquadra) values ('FIOGIO10','Marco','Benassi','2022-06-30',25,1400000,'Fiorentina');
insert into tesserati(idTesserati,nome,cognome,scadenzaContratto,età,stipendio,nomeSquadra) values ('FIOGIO11','Federico','Chiesa','2022-06-30',22,1500000,'Fiorentina');
insert into tesserati(idTesserati,nome,cognome,scadenzaContratto,età,stipendio,nomeSquadra) values ('FIOGIO12','Gaetano','Castrovilli','2024-06-30',22,1150000,'Fiorentina');
insert into tesserati(idTesserati,nome,cognome,scadenzaContratto,età,stipendio,nomeSquadra) values ('FIOGIO13','Franck','Ribery','2021-06-30',36,2500000,'Fiorentina');
insert into tesserati(idTesserati,nome,cognome,scadenzaContratto,età,stipendio,nomeSquadra) values ('FIOGIO14','Patrick','Cutrone','2021-06-30',22,1800000,'Fiorentina');
insert into tesserati(idTesserati,nome,cognome,scadenzaContratto,età,stipendio,nomeSquadra) values ('FIOGIO15','Dusan','Vlahovic','2023-06-30',19,500000,'Fiorentina');

insert into giocatore(idTesserati,ruolo,golFatti,golSubiti,assist,partiteGiocate,trofei,cartelliniGialli,cartelliniRossi) values ('FIOGIO01','Portiere',0,65,0,40,0,2,0);
insert into giocatore(idTesserati,ruolo,golFatti,golSubiti,assist,partiteGiocate,trofei,cartelliniGialli,cartelliniRossi) values ('FIOGIO02','Portiere',0,16,0,12,0,0,0);
insert into giocatore(idTesserati,ruolo,golFatti,golSubiti,assist,partiteGiocate,trofei,cartelliniGialli,cartelliniRossi) values ('FIOGIO03','Difensore',6,NULL,0,69,0,5,0);
insert into giocatore(idTesserati,ruolo,golFatti,golSubiti,assist,partiteGiocate,trofei,cartelliniGialli,cartelliniRossi) values ('FIOGIO04','Difensore',5,NULL,1,82,0,6,0);
insert into giocatore(idTesserati,ruolo,golFatti,golSubiti,assist,partiteGiocate,trofei,cartelliniGialli,cartelliniRossi) values ('FIOGIO05','Difensore',9,NULL,4,125,6,4,1);
insert into giocatore(idTesserati,ruolo,golFatti,golSubiti,assist,partiteGiocate,trofei,cartelliniGialli,cartelliniRossi) values ('FIOGIO06','Difensore',2,NULL,11,97,0,5,0);
insert into giocatore(idTesserati,ruolo,golFatti,golSubiti,assist,partiteGiocate,trofei,cartelliniGialli,cartelliniRossi) values ('FIOGIO07','Difensore',0,NULL,0,3,0,0,0);
insert into giocatore(idTesserati,ruolo,golFatti,golSubiti,assist,partiteGiocate,trofei,cartelliniGialli,cartelliniRossi) values ('FIOGIO08','Centrocampista',13,NULL,5,118,0,5,2);
insert into giocatore(idTesserati,ruolo,golFatti,golSubiti,assist,partiteGiocate,trofei,cartelliniGialli,cartelliniRossi) values ('FIOGIO09','Centrocampista',8,NULL,5,147,0,6,2);
insert into giocatore(idTesserati,ruolo,golFatti,golSubiti,assist,partiteGiocate,trofei,cartelliniGialli,cartelliniRossi) values ('FIOGIO10','Centrocampista',26,NULL,12,189,0,8,1);
insert into giocatore(idTesserati,ruolo,golFatti,golSubiti,assist,partiteGiocate,trofei,cartelliniGialli,cartelliniRossi) values ('FIOGIO11','Centrocampista',17,NULL,18,116,0,4,0);
insert into giocatore(idTesserati,ruolo,golFatti,golSubiti,assist,partiteGiocate,trofei,cartelliniGialli,cartelliniRossi) values ('FIOGIO12','Centrocampista',3,NULL,2,18,0,7,0);
insert into giocatore(idTesserati,ruolo,golFatti,golSubiti,assist,partiteGiocate,trofei,cartelliniGialli,cartelliniRossi) values ('FIOGIO13','Attaccante',2,NULL,2,11,0,2,1);
insert into giocatore(idTesserati,ruolo,golFatti,golSubiti,assist,partiteGiocate,trofei,cartelliniGialli,cartelliniRossi) values ('FIOGIO14','Attaccante',13,NULL,4,64,0,4,0);
insert into giocatore(idTesserati,ruolo,golFatti,golSubiti,assist,partiteGiocate,trofei,cartelliniGialli,cartelliniRossi) values ('FIOGIO15','Attaccante',3,NULL,0,15,0,2,0);

/* DIRIGENZA*/
insert into tesserati(idTesserati,nome,cognome,scadenzaContratto,età,stipendio,nomeSquadra) values ('GENDIR01','Enrico','Preziosi',null,71,null,'Genoa');
insert into tesserati(idTesserati,nome,cognome,scadenzaContratto,età,stipendio,nomeSquadra) values ('GENDIR02','Alessandro','Zarbano',null,50,null,'Genoa');
insert into tesserati(idTesserati,nome,cognome,scadenzaContratto,età,stipendio,nomeSquadra) values ('GENDIR03','Francesco','Marroccu',null,54,null,'Genoa');
insert into tesserati(idTesserati,nome,cognome,scadenzaContratto,età,stipendio,nomeSquadra) values ('GENDIR04','Flavio','Ricciardella',null,60,null,'Genoa');
insert into dirigenza(idTesserati,ruolo) values ('GENDIR01','Presidente');
insert into dirigenza(idTesserati,ruolo) values ('GENDIR02','Amministratore Delegato');
insert into dirigenza(idTesserati,ruolo) values ('GENDIR03','Direttore Sportivo');
insert into dirigenza(idTesserati,ruolo) values ('GENDIR04','Consigliere');
/* STAFF TECNICO*/
insert into tesserati(idTesserati,nome,cognome,scadenzaContratto,età,stipendio,nomeSquadra) values ('GENSTT01','Davide','Nicola','2020-06-30',46,500000,'Genoa');
insert into tesserati(idTesserati,nome,cognome,scadenzaContratto,età,stipendio,nomeSquadra) values ('GENSTT02','Manuele','Cacicia','2020-06-30',41,150000,'Genoa');
insert into tesserati(idTesserati,nome,cognome,scadenzaContratto,età,stipendio,nomeSquadra) values ('GENSTT03','Alessio','Scarpi','2020-06-30',46,50000,'Genoa');
insert into stafftecnico(idTesserati,ruolo) values ('GENSTT01','Allenatore');
insert into stafftecnico(idTesserati,ruolo) values ('GENSTT02','Allenatore in seconda');
insert into stafftecnico(idTesserati,ruolo) values ('GENSTT03','Allenatore dei portieri');
/* STAFF MEDICO*/
insert into tesserati(idTesserati,nome,cognome,scadenzaContratto,età,stipendio,nomeSquadra) values ('GENSTM01','Pietro','Gatto','2022-06-30',56,200000,'Genoa');
insert into tesserati(idTesserati,nome,cognome,scadenzaContratto,età,stipendio,nomeSquadra) values ('GENSTM02','Marco','Stellatelli','2022-06-30',52,100000,'Genoa');
insert into tesserati(idTesserati,nome,cognome,scadenzaContratto,età,stipendio,nomeSquadra) values ('GENSTM03','Matteo','Perasso','2022-06-30',40,25000,'Genoa');
insert into staffmedico(idTesserati,specializzazione) values ('GENSTM01','Responsabile Sanitario');
insert into staffmedico(idTesserati,specializzazione) values ('GENSTM02','Recupero Infortuni');
insert into staffmedico(idTesserati,specializzazione) values ('GENSTM03','Fisioterapista');
/* GIOCATORI*/
insert into tesserati(idTesserati,nome,cognome,scadenzaContratto,età,stipendio,nomeSquadra) values ('GENGIO01','Mattia','Perin','2020-06-30',27,1000000,'Genoa');
insert into tesserati(idTesserati,nome,cognome,scadenzaContratto,età,stipendio,nomeSquadra) values ('GENGIO02','Ionut','Radu','2020-06-30',22,750000,'Genoa');
insert into tesserati(idTesserati,nome,cognome,scadenzaContratto,età,stipendio,nomeSquadra) values ('GENGIO03','Cristian','Romero','2020-06-30',21,1300000,'Genoa');
insert into tesserati(idTesserati,nome,cognome,scadenzaContratto,età,stipendio,nomeSquadra) values ('GENGIO04','Davide','Biraschi','2022-06-30',25,1000000,'Genoa');
insert into tesserati(idTesserati,nome,cognome,scadenzaContratto,età,stipendio,nomeSquadra) values ('GENGIO05','Cristian','Zapata','2021-06-30',33,1100000,'Genoa');
insert into tesserati(idTesserati,nome,cognome,scadenzaContratto,età,stipendio,nomeSquadra) values ('GENGIO06','Antonio','Barreca','2020-06-30',24,1000000,'Genoa');
insert into tesserati(idTesserati,nome,cognome,scadenzaContratto,età,stipendio,nomeSquadra) values ('GENGIO07','Domenico','Criscito','2022-06-30',33,1350000,'Genoa');
insert into tesserati(idTesserati,nome,cognome,scadenzaContratto,età,stipendio,nomeSquadra) values ('GENGIO08','Lasse','Schone','2021-06-30',33,1500000,'Genoa');
insert into tesserati(idTesserati,nome,cognome,scadenzaContratto,età,stipendio,nomeSquadra) values ('GENGIO09','Stefano','Sturaro','2022-06-30',26,1250000,'Genoa');
insert into tesserati(idTesserati,nome,cognome,scadenzaContratto,età,stipendio,nomeSquadra) values ('GENGIO10','Kevin','Agudelo','2023-06-30',21,300000,'Genoa');
insert into tesserati(idTesserati,nome,cognome,scadenzaContratto,età,stipendio,nomeSquadra) values ('GENGIO11','Francesco','Cassata','2020-06-30',22,500000,'Genoa');
insert into tesserati(idTesserati,nome,cognome,scadenzaContratto,età,stipendio,nomeSquadra) values ('GENGIO12','Riccardo','Saponara','2020-06-30',28,1150000,'Genoa');
insert into tesserati(idTesserati,nome,cognome,scadenzaContratto,età,stipendio,nomeSquadra) values ('GENGIO13','Goran','Pandev','2020-06-30',36,1200000,'Genoa');
insert into tesserati(idTesserati,nome,cognome,scadenzaContratto,età,stipendio,nomeSquadra) values ('GENGIO14','Andrea','Pinamonti','2021-06-30',20,1000000,'Genoa');
insert into tesserati(idTesserati,nome,cognome,scadenzaContratto,età,stipendio,nomeSquadra) values ('GENGIO15','Antonio','Sanabria','2020-06-30',23,1200000,'Genoa');
																																					  
insert into giocatore(idTesserati,ruolo,golFatti,golSubiti,assist,partiteGiocate,trofei,cartelliniGialli,cartelliniRossi) values ('GENGIO01','Portiere',0,120,0,75,1,2,0);
insert into giocatore(idTesserati,ruolo,golFatti,golSubiti,assist,partiteGiocate,trofei,cartelliniGialli,cartelliniRossi) values ('GENGIO02','Portiere',0,67,0,40,0,4,0);
insert into giocatore(idTesserati,ruolo,golFatti,golSubiti,assist,partiteGiocate,trofei,cartelliniGialli,cartelliniRossi) values ('GENGIO03','Difensore',1,NULL,0,79,0,5,0);
insert into giocatore(idTesserati,ruolo,golFatti,golSubiti,assist,partiteGiocate,trofei,cartelliniGialli,cartelliniRossi) values ('GENGIO04','Difensore',5,NULL,1,68,0,6,0);
insert into giocatore(idTesserati,ruolo,golFatti,golSubiti,assist,partiteGiocate,trofei,cartelliniGialli,cartelliniRossi) values ('GENGIO05','Difensore',3,NULL,2,129,0,4,1);
insert into giocatore(idTesserati,ruolo,golFatti,golSubiti,assist,partiteGiocate,trofei,cartelliniGialli,cartelliniRossi) values ('GENGIO06','Difensore',2,NULL,11,97,0,5,0);
insert into giocatore(idTesserati,ruolo,golFatti,golSubiti,assist,partiteGiocate,trofei,cartelliniGialli,cartelliniRossi) values ('GENGIO07','Difensore',10,NULL,20,300,0,15,5);
insert into giocatore(idTesserati,ruolo,golFatti,golSubiti,assist,partiteGiocate,trofei,cartelliniGialli,cartelliniRossi) values ('GENGIO08','Centrocampista',1,NULL,5,15,0,5,0);
insert into giocatore(idTesserati,ruolo,golFatti,golSubiti,assist,partiteGiocate,trofei,cartelliniGialli,cartelliniRossi) values ('GENGIO09','Centrocampista',3,NULL,5,89,0,6,1);
insert into giocatore(idTesserati,ruolo,golFatti,golSubiti,assist,partiteGiocate,trofei,cartelliniGialli,cartelliniRossi) values ('GENGIO10','Centrocampista',3,NULL,2,18,0,2,0);
insert into giocatore(idTesserati,ruolo,golFatti,golSubiti,assist,partiteGiocate,trofei,cartelliniGialli,cartelliniRossi) values ('GENGIO11','Centrocampista',2,NULL,2,25,0,4,0);
insert into giocatore(idTesserati,ruolo,golFatti,golSubiti,assist,partiteGiocate,trofei,cartelliniGialli,cartelliniRossi) values ('GENGIO12','Centrocampista',3,NULL,2,18,0,7,0);
insert into giocatore(idTesserati,ruolo,golFatti,golSubiti,assist,partiteGiocate,trofei,cartelliniGialli,cartelliniRossi) values ('GENGIO13','Attaccante',80,NULL,5,350,1,2,1);
insert into giocatore(idTesserati,ruolo,golFatti,golSubiti,assist,partiteGiocate,trofei,cartelliniGialli,cartelliniRossi) values ('GENGIO14','Attaccante',13,NULL,5,45,0,4,0);
insert into giocatore(idTesserati,ruolo,golFatti,golSubiti,assist,partiteGiocate,trofei,cartelliniGialli,cartelliniRossi) values ('GENGIO15','Attaccante',9,NULL,2,35,0,2,0);

/* DIRIGENZA*/
insert into tesserati(idTesserati,nome,cognome,scadenzaContratto,età,stipendio,nomeSquadra) values ('INTDIR01','Steven','Zhang',null,28,null,'Inter');
insert into tesserati(idTesserati,nome,cognome,scadenzaContratto,età,stipendio,nomeSquadra) values ('INTDIR02','Giuseppe','Marotta',null,62,null,'Inter');
insert into tesserati(idTesserati,nome,cognome,scadenzaContratto,età,stipendio,nomeSquadra) values ('INTDIR03','Piero','Ausilio',null,45,null,'Inter');
insert into tesserati(idTesserati,nome,cognome,scadenzaContratto,età,stipendio,nomeSquadra) values ('INTDIR04','Javier','Zanetti',null,46,null,'Inter');
insert into dirigenza(idTesserati,ruolo) values ('INTDIR01','Presidente');
insert into dirigenza(idTesserati,ruolo) values ('INTDIR02','Amministratore Delegato');
insert into dirigenza(idTesserati,ruolo) values ('INTDIR03','Direttore Sportivo');
insert into dirigenza(idTesserati,ruolo) values ('INTDIR04','Consigliere');
/* STAFF TECNICO*/
insert into tesserati(idTesserati,nome,cognome,scadenzaContratto,età,stipendio,nomeSquadra) values ('INTSTT01','Antonio','Conte','2022-06-30',50,10000000,'Inter');
insert into tesserati(idTesserati,nome,cognome,scadenzaContratto,età,stipendio,nomeSquadra) values ('INTSTT02','Cristian','Stellini','2022-06-30',45,500000,'Inter');
insert into tesserati(idTesserati,nome,cognome,scadenzaContratto,età,stipendio,nomeSquadra) values ('INTSTT03','Adriano','Bonaiuti','2022-06-30',52,180000,'Inter');
insert into stafftecnico(idTesserati,ruolo) values ('INTSTT01','Allenatore');
insert into stafftecnico(idTesserati,ruolo) values ('INTSTT02','Allenatore in seconda');
insert into stafftecnico(idTesserati,ruolo) values ('INTSTT03','Allenatore dei portieri');
/* STAFF MEDICO*/
insert into tesserati(idTesserati,nome,cognome,scadenzaContratto,età,stipendio,nomeSquadra) values ('INTSTM01','Piero','Volpi','2023-06-30',67,500000,'Inter');
insert into tesserati(idTesserati,nome,cognome,scadenzaContratto,età,stipendio,nomeSquadra) values ('INTSTM02','Alessandro','Corsini','2023-06-30',39,200000,'Inter');
insert into tesserati(idTesserati,nome,cognome,scadenzaContratto,età,stipendio,nomeSquadra) values ('INTSTM03','Massimo','Dellacasa','2023-06-30',59,100000,'Inter');
insert into staffmedico(idTesserati,specializzazione) values ('INTSTM01','Responsabile Sanitario');
insert into staffmedico(idTesserati,specializzazione) values ('INTSTM02','Recupero Infortuni');
insert into staffmedico(idTesserati,specializzazione) values ('INTSTM03','Fisioterapista');
/* GIOCATORI*/
insert into tesserati(idTesserati,nome,cognome,scadenzaContratto,età,stipendio,nomeSquadra) values ('INTGIO01','Samir','Handanovic','2021-06-30',35,2500000,'Inter');
insert into tesserati(idTesserati,nome,cognome,scadenzaContratto,età,stipendio,nomeSquadra) values ('INTGIO02','Daniele','Padelli','2020-06-30',34,350000,'Inter');
insert into tesserati(idTesserati,nome,cognome,scadenzaContratto,età,stipendio,nomeSquadra) values ('INTGIO03','Milan','Skriniar','2023-06-30',24,2300000,'Inter');
insert into tesserati(idTesserati,nome,cognome,scadenzaContratto,età,stipendio,nomeSquadra) values ('INTGIO04','Stefan','De Vrij','2022-06-30',27,4500000,'Inter');
insert into tesserati(idTesserati,nome,cognome,scadenzaContratto,età,stipendio,nomeSquadra) values ('INTGIO05','Diego','Godin','2022-06-30',33,3000000,'Inter');
insert into tesserati(idTesserati,nome,cognome,scadenzaContratto,età,stipendio,nomeSquadra) values ('INTGIO06','Cristiano','Biraghi','2020-06-30',27,1750000,'Inter');
insert into tesserati(idTesserati,nome,cognome,scadenzaContratto,età,stipendio,nomeSquadra) values ('INTGIO07','Alessandro','Bastoni','2023-06-30',20,1350000,'Inter');
insert into tesserati(idTesserati,nome,cognome,scadenzaContratto,età,stipendio,nomeSquadra) values ('INTGIO08','Marcelo','Brozovic','2022-06-30',27,2500000,'Inter');
insert into tesserati(idTesserati,nome,cognome,scadenzaContratto,età,stipendio,nomeSquadra) values ('INTGIO09','Nicolò','Barella','2024-06-30',22,2250000,'Inter');
insert into tesserati(idTesserati,nome,cognome,scadenzaContratto,età,stipendio,nomeSquadra) values ('INTGIO10','Stefano','Sensi','2020-06-30',24,1400000,'Inter');
insert into tesserati(idTesserati,nome,cognome,scadenzaContratto,età,stipendio,nomeSquadra) values ('INTGIO11','Antonio','Candreva','2021-06-30',32,1700000,'Inter');
insert into tesserati(idTesserati,nome,cognome,scadenzaContratto,età,stipendio,nomeSquadra) values ('INTGIO12','Borja','Valero','2020-06-30',35,1150000,'Inter');
insert into tesserati(idTesserati,nome,cognome,scadenzaContratto,età,stipendio,nomeSquadra) values ('INTGIO13','Alexis','Sanchez','2020-06-30',31,6500000,'Inter');
insert into tesserati(idTesserati,nome,cognome,scadenzaContratto,età,stipendio,nomeSquadra) values ('INTGIO14','Romelu','Lukaku','2024-06-30',26,7000000,'Inter');
insert into tesserati(idTesserati,nome,cognome,scadenzaContratto,età,stipendio,nomeSquadra) values ('INTGIO15','Lautaro','Martinez','2023-06-30',22,1500000,'Inter');
																																					  
insert into giocatore(idTesserati,ruolo,golFatti,golSubiti,assist,partiteGiocate,trofei,cartelliniGialli,cartelliniRossi) values ('INTGIO01','Portiere',0,525,0,400,0,6,0);
insert into giocatore(idTesserati,ruolo,golFatti,golSubiti,assist,partiteGiocate,trofei,cartelliniGialli,cartelliniRossi) values ('INTGIO02','Portiere',0,76,0,42,0,1,0);
insert into giocatore(idTesserati,ruolo,golFatti,golSubiti,assist,partiteGiocate,trofei,cartelliniGialli,cartelliniRossi) values ('INTGIO03','Difensore',4,NULL,2,89,0,7,1);
insert into giocatore(idTesserati,ruolo,golFatti,golSubiti,assist,partiteGiocate,trofei,cartelliniGialli,cartelliniRossi) values ('INTGIO04','Difensore',10,NULL,1,102,0,10,1);
insert into giocatore(idTesserati,ruolo,golFatti,golSubiti,assist,partiteGiocate,trofei,cartelliniGialli,cartelliniRossi) values ('INTGIO05','Difensore',0,NULL,1,12,0,2,0);
insert into giocatore(idTesserati,ruolo,golFatti,golSubiti,assist,partiteGiocate,trofei,cartelliniGialli,cartelliniRossi) values ('INTGIO06','Difensore',2,NULL,7,97,0,5,1);
insert into giocatore(idTesserati,ruolo,golFatti,golSubiti,assist,partiteGiocate,trofei,cartelliniGialli,cartelliniRossi) values ('INTGIO07','Difensore',1,NULL,0,29,0,3,0);
insert into giocatore(idTesserati,ruolo,golFatti,golSubiti,assist,partiteGiocate,trofei,cartelliniGialli,cartelliniRossi) values ('INTGIO08','Centrocampista',13,NULL,5,138,0,10,1);
insert into giocatore(idTesserati,ruolo,golFatti,golSubiti,assist,partiteGiocate,trofei,cartelliniGialli,cartelliniRossi) values ('INTGIO09','Centrocampista',4,NULL,5,127,0,6,1);
insert into giocatore(idTesserati,ruolo,golFatti,golSubiti,assist,partiteGiocate,trofei,cartelliniGialli,cartelliniRossi) values ('INTGIO10','Centrocampista',5,NULL,6,80,0,6,1);
insert into giocatore(idTesserati,ruolo,golFatti,golSubiti,assist,partiteGiocate,trofei,cartelliniGialli,cartelliniRossi) values ('INTGIO11','Centrocampista',15,NULL,18,256,0,4,1);
insert into giocatore(idTesserati,ruolo,golFatti,golSubiti,assist,partiteGiocate,trofei,cartelliniGialli,cartelliniRossi) values ('INTGIO12','Centrocampista',3,NULL,6,188,0,7,0);
insert into giocatore(idTesserati,ruolo,golFatti,golSubiti,assist,partiteGiocate,trofei,cartelliniGialli,cartelliniRossi) values ('INTGIO13','Attaccante',20,NULL,8,61,0,2,1);
insert into giocatore(idTesserati,ruolo,golFatti,golSubiti,assist,partiteGiocate,trofei,cartelliniGialli,cartelliniRossi) values ('INTGIO14','Attaccante',14,NULL,1,20,0,0,0);
insert into giocatore(idTesserati,ruolo,golFatti,golSubiti,assist,partiteGiocate,trofei,cartelliniGialli,cartelliniRossi) values ('INTGIO15','Attaccante',16,NULL,3,35,0,4,0);

/* DIRIGENZA*/
insert into tesserati(idTesserati,nome,cognome,scadenzaContratto,età,stipendio,nomeSquadra) values ('JUVDIR01','Andrea','Agnelli',null,44,null,'Juventus');
insert into tesserati(idTesserati,nome,cognome,scadenzaContratto,età,stipendio,nomeSquadra) values ('JUVDIR02','Pavel','Nedved',null,47,null,'Juventus');
insert into tesserati(idTesserati,nome,cognome,scadenzaContratto,età,stipendio,nomeSquadra) values ('JUVDIR03','Piero','Paratici',null,47,null,'Juventus');
insert into tesserati(idTesserati,nome,cognome,scadenzaContratto,età,stipendio,nomeSquadra) values ('JUVDIR04','Maurizio','Arrivabene',null,62,null,'Juventus');
insert into dirigenza(idTesserati,ruolo) values ('JUVDIR01','Presidente');
insert into dirigenza(idTesserati,ruolo) values ('JUVDIR02','Amministratore Delegato');
insert into dirigenza(idTesserati,ruolo) values ('JUVDIR03','Direttore Sportivo');
insert into dirigenza(idTesserati,ruolo) values ('JUVDIR04','Consigliere');
/* STAFF TECNICO*/
insert into tesserati(idTesserati,nome,cognome,scadenzaContratto,età,stipendio,nomeSquadra) values ('JUVSTT01','Maurizio','Sarri','2022-06-30',61,3000000,'Juventus');
insert into tesserati(idTesserati,nome,cognome,scadenzaContratto,età,stipendio,nomeSquadra) values ('JUVSTT02','Giovanni','Martusciello','2022-06-30',48,450000,'Juventus');
insert into tesserati(idTesserati,nome,cognome,scadenzaContratto,età,stipendio,nomeSquadra) values ('JUVSTT03','Claudio','Filippi','2022-06-30',54,280000,'Juventus');
insert into stafftecnico(idTesserati,ruolo) values ('JUVSTT01','Allenatore');
insert into stafftecnico(idTesserati,ruolo) values ('JUVSTT02','Allenatore in seconda');
insert into stafftecnico(idTesserati,ruolo) values ('JUVSTT03','Allenatore dei portieri');
/* STAFF MEDICO*/
insert into tesserati(idTesserati,nome,cognome,scadenzaContratto,età,stipendio,nomeSquadra) values ('JUVSTM01','Claudio','Rigo','2021-06-30',66,600000,'Juventus');
insert into tesserati(idTesserati,nome,cognome,scadenzaContratto,età,stipendio,nomeSquadra) values ('JUVSTM02','Marco','Freschi','2021-06-30',46,300000,'Juventus');
insert into tesserati(idTesserati,nome,cognome,scadenzaContratto,età,stipendio,nomeSquadra) values ('JUVSTM03','Dario','Garbiero','2021-06-30',35,20000,'Juventus');
insert into staffmedico(idTesserati,specializzazione) values ('JUVSTM01','Responsabile Sanitario');
insert into staffmedico(idTesserati,specializzazione) values ('JUVSTM02','Recupero Infortuni');
insert into staffmedico(idTesserati,specializzazione) values ('JUVSTM03','Fisioterapista');
/* GIOCATORI*/
insert into tesserati(idTesserati,nome,cognome,scadenzaContratto,età,stipendio,nomeSquadra) values ('JUVGIO01','Wojciech','Szczseny','2021-06-30',29,3500000,'Juventus');
insert into tesserati(idTesserati,nome,cognome,scadenzaContratto,età,stipendio,nomeSquadra) values ('JUVGIO02','Gianluigi','Buffon','2020-06-30',41,2000000,'Juventus');
insert into tesserati(idTesserati,nome,cognome,scadenzaContratto,età,stipendio,nomeSquadra) values ('JUVGIO03','Leonardo','Bonucci','2024-06-30',32,4000000,'Juventus');
insert into tesserati(idTesserati,nome,cognome,scadenzaContratto,età,stipendio,nomeSquadra) values ('JUVGIO04','Giorgio','Chiellini','2020-06-30',35,3500000,'Juventus');
insert into tesserati(idTesserati,nome,cognome,scadenzaContratto,età,stipendio,nomeSquadra) values ('JUVGIO05','Matthijs','De Ligt','2024-06-30',20,7000000,'Juventus');
insert into tesserati(idTesserati,nome,cognome,scadenzaContratto,età,stipendio,nomeSquadra) values ('JUVGIO06','Alex','Sandro','2023-06-30',28,2750000,'Juventus');
insert into tesserati(idTesserati,nome,cognome,scadenzaContratto,età,stipendio,nomeSquadra) values ('JUVGIO07','Mattia','De Sciglio','2022-06-30',27,1500000,'Juventus');
insert into tesserati(idTesserati,nome,cognome,scadenzaContratto,età,stipendio,nomeSquadra) values ('JUVGIO08','Miralem','Pjanic','2023-06-30',29,5500000,'Juventus');
insert into tesserati(idTesserati,nome,cognome,scadenzaContratto,età,stipendio,nomeSquadra) values ('JUVGIO09','Rodrigo','Bentacur','2024-06-30',22,2250000,'Juventus');
insert into tesserati(idTesserati,nome,cognome,scadenzaContratto,età,stipendio,nomeSquadra) values ('JUVGIO10','Aaron','Ramsey','2023-06-30',29,8000000,'Juventus');
insert into tesserati(idTesserati,nome,cognome,scadenzaContratto,età,stipendio,nomeSquadra) values ('JUVGIO11','Adrien','Rabiot','2023-06-30',24,7000000,'Juventus');
insert into tesserati(idTesserati,nome,cognome,scadenzaContratto,età,stipendio,nomeSquadra) values ('JUVGIO12','Blaise','Matuidi','2020-06-30',32,4000000,'Juventus');
insert into tesserati(idTesserati,nome,cognome,scadenzaContratto,età,stipendio,nomeSquadra) values ('JUVGIO13','Paulo','Dybala','2022-06-30',26,5500000,'Juventus');
insert into tesserati(idTesserati,nome,cognome,scadenzaContratto,età,stipendio,nomeSquadra) values ('JUVGIO14','Gonzalo','Higuain','2021-06-30',32,3800000,'Juventus');
insert into tesserati(idTesserati,nome,cognome,scadenzaContratto,età,stipendio,nomeSquadra) values ('JUVGIO15','Cristiano','Ronaldo','2022-06-30',34,30000000,'Juventus');
																																					  
insert into giocatore(idTesserati,ruolo,golFatti,golSubiti,assist,partiteGiocate,trofei,cartelliniGialli,cartelliniRossi) values ('JUVGIO01','Portiere',0,135,0,100,3,5,0);
insert into giocatore(idTesserati,ruolo,golFatti,golSubiti,assist,partiteGiocate,trofei,cartelliniGialli,cartelliniRossi) values ('JUVGIO02','Portiere',0,800,0,640,6,7,1);
insert into giocatore(idTesserati,ruolo,golFatti,golSubiti,assist,partiteGiocate,trofei,cartelliniGialli,cartelliniRossi) values ('JUVGIO03','Difensore',11,NULL,10,350,6,6,0);
insert into giocatore(idTesserati,ruolo,golFatti,golSubiti,assist,partiteGiocate,trofei,cartelliniGialli,cartelliniRossi) values ('JUVGIO04','Difensore',13,NULL,5,450,7,23,5);
insert into giocatore(idTesserati,ruolo,golFatti,golSubiti,assist,partiteGiocate,trofei,cartelliniGialli,cartelliniRossi) values ('JUVGIO05','Difensore',1,NULL,0,16,0,3,0);
insert into giocatore(idTesserati,ruolo,golFatti,golSubiti,assist,partiteGiocate,trofei,cartelliniGialli,cartelliniRossi) values ('JUVGIO06','Difensore',2,NULL,11,97,3,2,0);
insert into giocatore(idTesserati,ruolo,golFatti,golSubiti,assist,partiteGiocate,trofei,cartelliniGialli,cartelliniRossi) values ('JUVGIO07','Difensore',2,NULL,5,100,2,8,0);
insert into giocatore(idTesserati,ruolo,golFatti,golSubiti,assist,partiteGiocate,trofei,cartelliniGialli,cartelliniRossi) values ('JUVGIO08','Centrocampista',10,NULL,19,138,3,3,2);
insert into giocatore(idTesserati,ruolo,golFatti,golSubiti,assist,partiteGiocate,trofei,cartelliniGialli,cartelliniRossi) values ('JUVGIO09','Centrocampista',2,NULL,3,25,1,3,0);
insert into giocatore(idTesserati,ruolo,golFatti,golSubiti,assist,partiteGiocate,trofei,cartelliniGialli,cartelliniRossi) values ('JUVGIO10','Centrocampista',1,NULL,1,8,0,1,0);
insert into giocatore(idTesserati,ruolo,golFatti,golSubiti,assist,partiteGiocate,trofei,cartelliniGialli,cartelliniRossi) values ('JUVGIO11','Centrocampista',0,NULL,1,6,0,1,0);
insert into giocatore(idTesserati,ruolo,golFatti,golSubiti,assist,partiteGiocate,trofei,cartelliniGialli,cartelliniRossi) values ('JUVGIO12','Centrocampista',4,NULL,2,38,1,6,0);
insert into giocatore(idTesserati,ruolo,golFatti,golSubiti,assist,partiteGiocate,trofei,cartelliniGialli,cartelliniRossi) values ('JUVGIO13','Attaccante',67,NULL,12,101,3,2,0);
insert into giocatore(idTesserati,ruolo,golFatti,golSubiti,assist,partiteGiocate,trofei,cartelliniGialli,cartelliniRossi) values ('JUVGIO14','Attaccante',128,NULL,6,150,1,4,2);
insert into giocatore(idTesserati,ruolo,golFatti,golSubiti,assist,partiteGiocate,trofei,cartelliniGialli,cartelliniRossi) values ('JUVGIO15','Attaccante',28,NULL,3,45,1,2,0);

/* DIRIGENZA*/
insert into tesserati(idTesserati,nome,cognome,scadenzaContratto,età,stipendio,nomeSquadra) values ('LAZDIR01','Claudio','Lotito',null,62,null,'Lazio');
insert into tesserati(idTesserati,nome,cognome,scadenzaContratto,età,stipendio,nomeSquadra) values ('LAZDIR02','Marco','Cavaliere',null,55,null,'Lazio');
insert into tesserati(idTesserati,nome,cognome,scadenzaContratto,età,stipendio,nomeSquadra) values ('LAZDIR03','Igli','Tare',null,46,null,'Lazio');
insert into tesserati(idTesserati,nome,cognome,scadenzaContratto,età,stipendio,nomeSquadra) values ('LAZDIR04','Angelo','Peruzzi',null,49,null,'Lazio');
insert into dirigenza(idTesserati,ruolo) values ('LAZDIR01','Presidente');
insert into dirigenza(idTesserati,ruolo) values ('LAZDIR02','Amministratore Delegato');
insert into dirigenza(idTesserati,ruolo) values ('LAZDIR03','Direttore Sportivo');
insert into dirigenza(idTesserati,ruolo) values ('LAZDIR04','Consigliere');
/* STAFF TECNICO*/
insert into tesserati(idTesserati,nome,cognome,scadenzaContratto,età,stipendio,nomeSquadra) values ('LAZSTT01','Simone','Inzaghi','2021-06-30',43,1800000,'Lazio');
insert into tesserati(idTesserati,nome,cognome,scadenzaContratto,età,stipendio,nomeSquadra) values ('LAZSTT02','Massimiliano','Farris','2021-06-30',48,250000,'Lazio');
insert into tesserati(idTesserati,nome,cognome,scadenzaContratto,età,stipendio,nomeSquadra) values ('LAZSTT03','Adalberto','Grigioni','2021-06-30',65,180000,'Lazio');
insert into stafftecnico(idTesserati,ruolo) values ('LAZSTT01','Allenatore');
insert into stafftecnico(idTesserati,ruolo) values ('LAZSTT02','Allenatore in seconda');
insert into stafftecnico(idTesserati,ruolo) values ('LAZSTT03','Allenatore dei portieri');
/* STAFF MEDICO*/
insert into tesserati(idTesserati,nome,cognome,scadenzaContratto,età,stipendio,nomeSquadra) values ('LAZSTM01','Ivo','Pulcini','2023-06-30',74,400000,'Lazio');
insert into tesserati(idTesserati,nome,cognome,scadenzaContratto,età,stipendio,nomeSquadra) values ('LAZSTM02','Massimo','Razzano','2023-06-30',57,100000,'Lazio');
insert into tesserati(idTesserati,nome,cognome,scadenzaContratto,età,stipendio,nomeSquadra) values ('LAZSTM03','Giorgio','Gasparini','2023-06-30',67,10000,'Lazio');
insert into staffmedico(idTesserati,specializzazione) values ('LAZSTM01','Responsabile Sanitario');
insert into staffmedico(idTesserati,specializzazione) values ('LAZSTM02','Recupero Infortuni');
insert into staffmedico(idTesserati,specializzazione) values ('LAZSTM03','Fisioterapista');
/* GIOCATORI*/
insert into tesserati(idTesserati,nome,cognome,scadenzaContratto,età,stipendio,nomeSquadra) values ('LAZGIO01','Thomas','Strakosha','2022-06-30',24,2500000,'Lazio');
insert into tesserati(idTesserati,nome,cognome,scadenzaContratto,età,stipendio,nomeSquadra) values ('LAZGIO02','Silvio','Proto','2021-06-30',36,150000,'Lazio');
insert into tesserati(idTesserati,nome,cognome,scadenzaContratto,età,stipendio,nomeSquadra) values ('LAZGIO03','Francesco','Acerbi','2023-06-30',31,1700000,'Lazio');
insert into tesserati(idTesserati,nome,cognome,scadenzaContratto,età,stipendio,nomeSquadra) values ('LAZGIO04','Luiz','Felipe','2022-06-30',22,1000000,'Lazio');
insert into tesserati(idTesserati,nome,cognome,scadenzaContratto,età,stipendio,nomeSquadra) values ('LAZGIO05','Denis','Vavro','2024-06-30',23,400000,'Lazio');
insert into tesserati(idTesserati,nome,cognome,scadenzaContratto,età,stipendio,nomeSquadra) values ('LAZGIO06','Stefan','Radu','2021-06-30',33,1500000,'Lazio');
insert into tesserati(idTesserati,nome,cognome,scadenzaContratto,età,stipendio,nomeSquadra) values ('LAZGIO07','Jordan','Lukaku','2022-06-30',25,850000,'Lazio');
insert into tesserati(idTesserati,nome,cognome,scadenzaContratto,età,stipendio,nomeSquadra) values ('LAZGIO08','Lucas','Leiva','2022-06-30',33,2500000,'Lazio');
insert into tesserati(idTesserati,nome,cognome,scadenzaContratto,età,stipendio,nomeSquadra) values ('LAZGIO09','Sergej','Milinkovic-Savic','2024-06-30',24,2250000,'Lazio');
insert into tesserati(idTesserati,nome,cognome,scadenzaContratto,età,stipendio,nomeSquadra) values ('LAZGIO10','Danilo','Cataldi','2020-06-30',25,1000000,'Lazio');
insert into tesserati(idTesserati,nome,cognome,scadenzaContratto,età,stipendio,nomeSquadra) values ('LAZGIO11','Marco','Parolo','2020-06-30',34,1100000,'Lazio');
insert into tesserati(idTesserati,nome,cognome,scadenzaContratto,età,stipendio,nomeSquadra) values ('LAZGIO12','Luis','Albero','2022-06-30',27,1750000,'Lazio');
insert into tesserati(idTesserati,nome,cognome,scadenzaContratto,età,stipendio,nomeSquadra) values ('LAZGIO13','Joaquin','Correa','2024-06-30',26,1500000,'Lazio');
insert into tesserati(idTesserati,nome,cognome,scadenzaContratto,età,stipendio,nomeSquadra) values ('LAZGIO14','Ciro','Immobile','2023-06-30',29,1800000,'Lazio');
insert into tesserati(idTesserati,nome,cognome,scadenzaContratto,età,stipendio,nomeSquadra) values ('LAZGIO15','Felipe','Caicedo','2022-06-30',31,1000000,'Lazio');
																																					  
insert into giocatore(idTesserati,ruolo,golFatti,golSubiti,assist,partiteGiocate,trofei,cartelliniGialli,cartelliniRossi) values ('LAZGIO01','Portiere',0,65,0,50,0,2,0);
insert into giocatore(idTesserati,ruolo,golFatti,golSubiti,assist,partiteGiocate,trofei,cartelliniGialli,cartelliniRossi) values ('LAZGIO02','Portiere',0,16,0,10,0,0,0);
insert into giocatore(idTesserati,ruolo,golFatti,golSubiti,assist,partiteGiocate,trofei,cartelliniGialli,cartelliniRossi) values ('LAZGIO03','Difensore',6,NULL,2,300,0,5,1);
insert into giocatore(idTesserati,ruolo,golFatti,golSubiti,assist,partiteGiocate,trofei,cartelliniGialli,cartelliniRossi) values ('LAZGIO04','Difensore',5,NULL,1,82,0,6,0);
insert into giocatore(idTesserati,ruolo,golFatti,golSubiti,assist,partiteGiocate,trofei,cartelliniGialli,cartelliniRossi) values ('LAZGIO05','Difensore',0,NULL,4,48,0,4,1);
insert into giocatore(idTesserati,ruolo,golFatti,golSubiti,assist,partiteGiocate,trofei,cartelliniGialli,cartelliniRossi) values ('LAZGIO06','Difensore',4,NULL,1,197,0,9,3);
insert into giocatore(idTesserati,ruolo,golFatti,golSubiti,assist,partiteGiocate,trofei,cartelliniGialli,cartelliniRossi) values ('LAZGIO07','Difensore',0,NULL,0,35,0,0,0);
insert into giocatore(idTesserati,ruolo,golFatti,golSubiti,assist,partiteGiocate,trofei,cartelliniGialli,cartelliniRossi) values ('LAZGIO08','Centrocampista',13,NULL,6,118,0,5,2);
insert into giocatore(idTesserati,ruolo,golFatti,golSubiti,assist,partiteGiocate,trofei,cartelliniGialli,cartelliniRossi) values ('LAZGIO09','Centrocampista',8,NULL,5,27,0,6,2);
insert into giocatore(idTesserati,ruolo,golFatti,golSubiti,assist,partiteGiocate,trofei,cartelliniGialli,cartelliniRossi) values ('LAZGIO10','Centrocampista',11,NULL,5,179,0,8,1);
insert into giocatore(idTesserati,ruolo,golFatti,golSubiti,assist,partiteGiocate,trofei,cartelliniGialli,cartelliniRossi) values ('LAZGIO11','Centrocampista',1,NULL,2,45,0,4,0);
insert into giocatore(idTesserati,ruolo,golFatti,golSubiti,assist,partiteGiocate,trofei,cartelliniGialli,cartelliniRossi) values ('LAZGIO12','Centrocampista',18,NULL,32,65,0,6,0);
insert into giocatore(idTesserati,ruolo,golFatti,golSubiti,assist,partiteGiocate,trofei,cartelliniGialli,cartelliniRossi) values ('LAZGIO13','Attaccante',20,NULL,5,66,0,2,0);
insert into giocatore(idTesserati,ruolo,golFatti,golSubiti,assist,partiteGiocate,trofei,cartelliniGialli,cartelliniRossi) values ('LAZGIO14','Attaccante',105,NULL,4,174,0,4,0);
insert into giocatore(idTesserati,ruolo,golFatti,golSubiti,assist,partiteGiocate,trofei,cartelliniGialli,cartelliniRossi) values ('LAZGIO15','Attaccante',13,NULL,0,30,0,2,0);

/* DIRIGENZA*/
insert into tesserati(idTesserati,nome,cognome,scadenzaContratto,età,stipendio,nomeSquadra) values ('LECDIR01','Saverio','Damiani',null,55,null,'Lecce');
insert into tesserati(idTesserati,nome,cognome,scadenzaContratto,età,stipendio,nomeSquadra) values ('LECDIR02','Alessandro','Adamo',null,48,null,'Lecce');
insert into tesserati(idTesserati,nome,cognome,scadenzaContratto,età,stipendio,nomeSquadra) values ('LECDIR03','Mauro','Meluso',null,51,null,'Lecce');
insert into tesserati(idTesserati,nome,cognome,scadenzaContratto,età,stipendio,nomeSquadra) values ('LECDIR04','Dario','Carofalo',null,42,null,'Lecce');
insert into dirigenza(idTesserati,ruolo) values ('LECDIR01','Presidente');
insert into dirigenza(idTesserati,ruolo) values ('LECDIR02','Amministratore Delegato');
insert into dirigenza(idTesserati,ruolo) values ('LECDIR03','Direttore Sportivo');
insert into dirigenza(idTesserati,ruolo) values ('LECDIR04','Consigliere');
/* STAFF TECNICO*/
insert into tesserati(idTesserati,nome,cognome,scadenzaContratto,età,stipendio,nomeSquadra) values ('LECSTT01','Fabio','Liverani','2022-06-30',43,1000000,'Lecce');
insert into tesserati(idTesserati,nome,cognome,scadenzaContratto,età,stipendio,nomeSquadra) values ('LECSTT02','Manuel','Coppola','2022-06-30',37,250000,'Lecce');
insert into tesserati(idTesserati,nome,cognome,scadenzaContratto,età,stipendio,nomeSquadra) values ('LECSTT03','Luigi','Sassanelli','2021-06-30',49,80000,'Lecce');
insert into stafftecnico(idTesserati,ruolo) values ('LECSTT01','Allenatore');
insert into stafftecnico(idTesserati,ruolo) values ('LECSTT02','Allenatore in seconda');
insert into stafftecnico(idTesserati,ruolo) values ('LECSTT03','Allenatore dei portieri');
/* STAFF MEDICO*/
insert into tesserati(idTesserati,nome,cognome,scadenzaContratto,età,stipendio,nomeSquadra) values ('LECSTM01','Giuseppe','Congedo','2022-06-30',63,300000,'Lecce');
insert into tesserati(idTesserati,nome,cognome,scadenzaContratto,età,stipendio,nomeSquadra) values ('LECSTM02','Luigi','Cappello','2022-06-30',37,60000,'Lecce');
insert into tesserati(idTesserati,nome,cognome,scadenzaContratto,età,stipendio,nomeSquadra) values ('LECSTM03','Francesco','Soda','2022-06-30',62,12000,'Lecce');
insert into staffmedico(idTesserati,specializzazione) values ('LECSTM01','Responsabile Sanitario');
insert into staffmedico(idTesserati,specializzazione) values ('LECSTM02','Recupero Infortuni');
insert into staffmedico(idTesserati,specializzazione) values ('LECSTM03','Fisioterapista');
/* GIOCATORI*/
insert into tesserati(idTesserati,nome,cognome,scadenzaContratto,età,stipendio,nomeSquadra) values ('LECGIO01','Gabriel','Ferreira','2021-06-30',27,200000,'Lecce');
insert into tesserati(idTesserati,nome,cognome,scadenzaContratto,età,stipendio,nomeSquadra) values ('LECGIO02','Mauro','Vigorito','2021-06-30',29,100000,'Lecce');
insert into tesserati(idTesserati,nome,cognome,scadenzaContratto,età,stipendio,nomeSquadra) values ('LECGIO03','Fabio','Lucioni','2021-06-30',32,300000,'Lecce');
insert into tesserati(idTesserati,nome,cognome,scadenzaContratto,età,stipendio,nomeSquadra) values ('LECGIO04','Luca','Rossettini','2021-06-30',34,250000,'Lecce');
insert into tesserati(idTesserati,nome,cognome,scadenzaContratto,età,stipendio,nomeSquadra) values ('LECGIO05','Marco','Calderoni','2020-06-30',30,180000,'Lecce');
insert into tesserati(idTesserati,nome,cognome,scadenzaContratto,età,stipendio,nomeSquadra) values ('LECGIO06','Giulo','Donati','2020-06-30',29,450000,'Lecce');
insert into tesserati(idTesserati,nome,cognome,scadenzaContratto,età,stipendio,nomeSquadra) values ('LECGIO07','Andrea','Rispoli','2021-06-30',31,200000,'Lecce');
insert into tesserati(idTesserati,nome,cognome,scadenzaContratto,età,stipendio,nomeSquadra) values ('LECGIO08','Giannelli','Imbula','2020-06-30',27,600000,'Lecce');
insert into tesserati(idTesserati,nome,cognome,scadenzaContratto,età,stipendio,nomeSquadra) values ('LECGIO09','Jacopo','Petriccione','2023-06-30',24,550000,'Lecce');
insert into tesserati(idTesserati,nome,cognome,scadenzaContratto,età,stipendio,nomeSquadra) values ('LECGIO10','Alessandro','Deiola','2020-06-30',24,400000,'Lecce');
insert into tesserati(idTesserati,nome,cognome,scadenzaContratto,età,stipendio,nomeSquadra) values ('LECGIO11','Marco','Mancosu','2021-06-30',31,900000,'Lecce');
insert into tesserati(idTesserati,nome,cognome,scadenzaContratto,età,stipendio,nomeSquadra) values ('LECGIO12','Zan','Majer','2022-06-30',27,250000,'Lecce');
insert into tesserati(idTesserati,nome,cognome,scadenzaContratto,età,stipendio,nomeSquadra) values ('LECGIO13','Diego','Farias','2021-06-30',29,750000,'Lecce');
insert into tesserati(idTesserati,nome,cognome,scadenzaContratto,età,stipendio,nomeSquadra) values ('LECGIO14','Filippo','Falco','2022-06-30',27,500000,'Lecce');
insert into tesserati(idTesserati,nome,cognome,scadenzaContratto,età,stipendio,nomeSquadra) values ('LECGIO15','Gianluca','Lapadula','2020-06-30',29,1000000,'Lecce');
																																					  
insert into giocatore(idTesserati,ruolo,golFatti,golSubiti,assist,partiteGiocate,trofei,cartelliniGialli,cartelliniRossi) values ('LECGIO01','Portiere',0,85,0,50,0,2,0);
insert into giocatore(idTesserati,ruolo,golFatti,golSubiti,assist,partiteGiocate,trofei,cartelliniGialli,cartelliniRossi) values ('LECGIO02','Portiere',0,0,0,0,0,0,0);
insert into giocatore(idTesserati,ruolo,golFatti,golSubiti,assist,partiteGiocate,trofei,cartelliniGialli,cartelliniRossi) values ('LECGIO03','Difensore',2,NULL,0,49,0,5,0);
insert into giocatore(idTesserati,ruolo,golFatti,golSubiti,assist,partiteGiocate,trofei,cartelliniGialli,cartelliniRossi) values ('LECGIO04','Difensore',1,NULL,1,62,0,6,0);
insert into giocatore(idTesserati,ruolo,golFatti,golSubiti,assist,partiteGiocate,trofei,cartelliniGialli,cartelliniRossi) values ('LECGIO05','Difensore',0,NULL,4,25,0,4,1);
insert into giocatore(idTesserati,ruolo,golFatti,golSubiti,assist,partiteGiocate,trofei,cartelliniGialli,cartelliniRossi) values ('LECGIO06','Difensore',3,NULL,1,47,0,5,0);
insert into giocatore(idTesserati,ruolo,golFatti,golSubiti,assist,partiteGiocate,trofei,cartelliniGialli,cartelliniRossi) values ('LECGIO07','Difensore',0,NULL,0,3,0,0,0);
insert into giocatore(idTesserati,ruolo,golFatti,golSubiti,assist,partiteGiocate,trofei,cartelliniGialli,cartelliniRossi) values ('LECGIO08','Centrocampista',1,NULL,1,25,0,0,2);
insert into giocatore(idTesserati,ruolo,golFatti,golSubiti,assist,partiteGiocate,trofei,cartelliniGialli,cartelliniRossi) values ('LECGIO09','Centrocampista',1,NULL,2,22,0,6,2);
insert into giocatore(idTesserati,ruolo,golFatti,golSubiti,assist,partiteGiocate,trofei,cartelliniGialli,cartelliniRossi) values ('LECGIO10','Centrocampista',0,NULL,2,18,0,3,1);
insert into giocatore(idTesserati,ruolo,golFatti,golSubiti,assist,partiteGiocate,trofei,cartelliniGialli,cartelliniRossi) values ('LECGIO11','Centrocampista',1,NULL,1,11,0,0,0);
insert into giocatore(idTesserati,ruolo,golFatti,golSubiti,assist,partiteGiocate,trofei,cartelliniGialli,cartelliniRossi) values ('LECGIO12','Centrocampista',0,NULL,2,18,0,1,0);
insert into giocatore(idTesserati,ruolo,golFatti,golSubiti,assist,partiteGiocate,trofei,cartelliniGialli,cartelliniRossi) values ('LECGIO13','Attaccante',4,NULL,2,11,0,2,1);
insert into giocatore(idTesserati,ruolo,golFatti,golSubiti,assist,partiteGiocate,trofei,cartelliniGialli,cartelliniRossi) values ('LECGIO14','Attaccante',2,NULL,4,24,0,4,0);
insert into giocatore(idTesserati,ruolo,golFatti,golSubiti,assist,partiteGiocate,trofei,cartelliniGialli,cartelliniRossi) values ('LECGIO15','Attaccante',20,NULL,2,75,0,2,0);

/* DIRIGENZA*/
insert into tesserati(idTesserati,nome,cognome,scadenzaContratto,età,stipendio,nomeSquadra) values ('MILDIR01','Paolo','Scaroni',null,73,null,'Milan');
insert into tesserati(idTesserati,nome,cognome,scadenzaContratto,età,stipendio,nomeSquadra) values ('MILDIR02','Ivan','Gazidis',null,55,null,'Milan');
insert into tesserati(idTesserati,nome,cognome,scadenzaContratto,età,stipendio,nomeSquadra) values ('MILDIR03','Frederic','Massara',null,51,null,'Milan');
insert into tesserati(idTesserati,nome,cognome,scadenzaContratto,età,stipendio,nomeSquadra) values ('MILDIR04','Paolo','Maldini',null,51,null,'Milan');
insert into dirigenza(idTesserati,ruolo) values ('MILDIR01','Presidente');
insert into dirigenza(idTesserati,ruolo) values ('MILDIR02','Amministratore Delegato');
insert into dirigenza(idTesserati,ruolo) values ('MILDIR03','Direttore Sportivo');
insert into dirigenza(idTesserati,ruolo) values ('MILDIR04','Consigliere');
/* STAFF TECNICO*/
insert into tesserati(idTesserati,nome,cognome,scadenzaContratto,età,stipendio,nomeSquadra) values ('MILSTT01','Stefano','Pioli','2021-06-30',54,2000000,'Milan');
insert into tesserati(idTesserati,nome,cognome,scadenzaContratto,età,stipendio,nomeSquadra) values ('MILSTT02','Giacomo','Murelli','2021-06-30',55,750000,'Milan');
insert into tesserati(idTesserati,nome,cognome,scadenzaContratto,età,stipendio,nomeSquadra) values ('MILSTT03','Luigi','Turci','2021-06-30',49,150000,'Milan');
insert into stafftecnico(idTesserati,ruolo) values ('MILSTT01','Allenatore');
insert into stafftecnico(idTesserati,ruolo) values ('MILSTT02','Allenatore in seconda');
insert into stafftecnico(idTesserati,ruolo) values ('MILSTT03','Allenatore dei portieri');
/* STAFF MEDICO*/
insert into tesserati(idTesserati,nome,cognome,scadenzaContratto,età,stipendio,nomeSquadra) values ('MILSTM01','Giovanni','Caliendo','2024-06-30',43,400000,'Milan');
insert into tesserati(idTesserati,nome,cognome,scadenzaContratto,età,stipendio,nomeSquadra) values ('MILSTM02','Leonardo','Monaco','2024-06-30',40,100000,'Milan');
insert into tesserati(idTesserati,nome,cognome,scadenzaContratto,età,stipendio,nomeSquadra) values ('MILSTM03','Donato','Gallo','2024-06-30',40,200000,'Milan');
insert into staffmedico(idTesserati,specializzazione) values ('MILSTM01','Responsabile Sanitario');
insert into staffmedico(idTesserati,specializzazione) values ('MILSTM02','Recupero Infortuni');
insert into staffmedico(idTesserati,specializzazione) values ('MILSTM03','Fisioterapista');
/* GIOCATORI*/
insert into tesserati(idTesserati,nome,cognome,scadenzaContratto,età,stipendio,nomeSquadra) values ('MILGIO01','Gianluigi','Donnarumma','2021-06-30',20,7500000,'Milan');
insert into tesserati(idTesserati,nome,cognome,scadenzaContratto,età,stipendio,nomeSquadra) values ('MILGIO02','Antonio','Donnarumma','2021-06-30',29,1000000,'Milan');
insert into tesserati(idTesserati,nome,cognome,scadenzaContratto,età,stipendio,nomeSquadra) values ('MILGIO03','Alessio','Romagnoli','2022-06-30',25,2300000,'Milan');
insert into tesserati(idTesserati,nome,cognome,scadenzaContratto,età,stipendio,nomeSquadra) values ('MILGIO04','Mateo','Musacchio','2021-06-30',29,1500000,'Milan');
insert into tesserati(idTesserati,nome,cognome,scadenzaContratto,età,stipendio,nomeSquadra) values ('MILGIO05','Theo','Hernandez','2024-06-30',22,3000000,'Milan');
insert into tesserati(idTesserati,nome,cognome,scadenzaContratto,età,stipendio,nomeSquadra) values ('MILGIO06','Davide','Calabria','2022-06-30',23,1200000,'Milan');
insert into tesserati(idTesserati,nome,cognome,scadenzaContratto,età,stipendio,nomeSquadra) values ('MILGIO07','Andrea','Conti','2022-06-30',25,1350000,'Milan');
insert into tesserati(idTesserati,nome,cognome,scadenzaContratto,età,stipendio,nomeSquadra) values ('MILGIO08','Lucas','Biglia','2020-06-30',33,2500000,'Milan');
insert into tesserati(idTesserati,nome,cognome,scadenzaContratto,età,stipendio,nomeSquadra) values ('MILGIO09','Frenk','Kessiè','2022-06-30',23,2250000,'Milan');
insert into tesserati(idTesserati,nome,cognome,scadenzaContratto,età,stipendio,nomeSquadra) values ('MILGIO10','Giacomo','Bonaventura','2020-06-30',30,1700000,'Milan');
insert into tesserati(idTesserati,nome,cognome,scadenzaContratto,età,stipendio,nomeSquadra) values ('MILGIO11','Rade','Krunic','2024-06-30',26,1500000,'Milan');
insert into tesserati(idTesserati,nome,cognome,scadenzaContratto,età,stipendio,nomeSquadra) values ('MILGIO12','Lucas','Paquetà','2023-06-30',22,1750000,'Milan');
insert into tesserati(idTesserati,nome,cognome,scadenzaContratto,età,stipendio,nomeSquadra) values ('MILGIO13','Rafael','Leao','2024-06-30',20,1500000,'Milan');
insert into tesserati(idTesserati,nome,cognome,scadenzaContratto,età,stipendio,nomeSquadra) values ('MILGIO14','Zlatan','Ibrahimovic','2020-06-30',38,6000000,'Milan');
insert into tesserati(idTesserati,nome,cognome,scadenzaContratto,età,stipendio,nomeSquadra) values ('MILGIO15','Ante','Rebic','2021-06-30',26,2000000,'Milan');
																																					  
insert into giocatore(idTesserati,ruolo,golFatti,golSubiti,assist,partiteGiocate,trofei,cartelliniGialli,cartelliniRossi) values ('MILGIO01','Portiere',0,145,0,100,0,6,0);
insert into giocatore(idTesserati,ruolo,golFatti,golSubiti,assist,partiteGiocate,trofei,cartelliniGialli,cartelliniRossi) values ('MILGIO02','Portiere',0,10,0,12,0,0,0);
insert into giocatore(idTesserati,ruolo,golFatti,golSubiti,assist,partiteGiocate,trofei,cartelliniGialli,cartelliniRossi) values ('MILGIO03','Difensore',6,NULL,0,169,0,14,2);
insert into giocatore(idTesserati,ruolo,golFatti,golSubiti,assist,partiteGiocate,trofei,cartelliniGialli,cartelliniRossi) values ('MILGIO04','Difensore',5,NULL,1,32,0,6,0);
insert into giocatore(idTesserati,ruolo,golFatti,golSubiti,assist,partiteGiocate,trofei,cartelliniGialli,cartelliniRossi) values ('MILGIO05','Difensore',1,NULL,4,25,6,4,1);
insert into giocatore(idTesserati,ruolo,golFatti,golSubiti,assist,partiteGiocate,trofei,cartelliniGialli,cartelliniRossi) values ('MILGIO06','Difensore',2,NULL,1,7,0,5,0);
insert into giocatore(idTesserati,ruolo,golFatti,golSubiti,assist,partiteGiocate,trofei,cartelliniGialli,cartelliniRossi) values ('MILGIO07','Difensore',5,NULL,4,19,0,0,0);
insert into giocatore(idTesserati,ruolo,golFatti,golSubiti,assist,partiteGiocate,trofei,cartelliniGialli,cartelliniRossi) values ('MILGIO08','Centrocampista',13,NULL,5,168,0,5,2);
insert into giocatore(idTesserati,ruolo,golFatti,golSubiti,assist,partiteGiocate,trofei,cartelliniGialli,cartelliniRossi) values ('MILGIO09','Centrocampista',1,NULL,2,17,0,1,2);
insert into giocatore(idTesserati,ruolo,golFatti,golSubiti,assist,partiteGiocate,trofei,cartelliniGialli,cartelliniRossi) values ('MILGIO10','Centrocampista',26,NULL,12,189,0,8,1);
insert into giocatore(idTesserati,ruolo,golFatti,golSubiti,assist,partiteGiocate,trofei,cartelliniGialli,cartelliniRossi) values ('MILGIO11','Centrocampista',17,NULL,18,116,0,4,0);
insert into giocatore(idTesserati,ruolo,golFatti,golSubiti,assist,partiteGiocate,trofei,cartelliniGialli,cartelliniRossi) values ('MILGIO12','Centrocampista',3,NULL,2,18,0,7,0);
insert into giocatore(idTesserati,ruolo,golFatti,golSubiti,assist,partiteGiocate,trofei,cartelliniGialli,cartelliniRossi) values ('MILGIO13','Attaccante',2,NULL,2,11,0,2,1);
insert into giocatore(idTesserati,ruolo,golFatti,golSubiti,assist,partiteGiocate,trofei,cartelliniGialli,cartelliniRossi) values ('MILGIO14','Attaccante',110,NULL,4,154,3,4,0);
insert into giocatore(idTesserati,ruolo,golFatti,golSubiti,assist,partiteGiocate,trofei,cartelliniGialli,cartelliniRossi) values ('MILGIO15','Attaccante',2,NULL,0,10,0,2,0);

/* DIRIGENZA*/
insert into tesserati(idTesserati,nome,cognome,scadenzaContratto,età,stipendio,nomeSquadra) values ('NAPDIR01','Aurelio','De Laurentis',null,70,null,'Napoli');
insert into tesserati(idTesserati,nome,cognome,scadenzaContratto,età,stipendio,nomeSquadra) values ('NAPDIR02','Edoardo','De Laurentis',null,34,null,'Napoli');
insert into tesserati(idTesserati,nome,cognome,scadenzaContratto,età,stipendio,nomeSquadra) values ('NAPDIR03','Cristiano','Giuntoli',null,47,null,'Napoli');
insert into tesserati(idTesserati,nome,cognome,scadenzaContratto,età,stipendio,nomeSquadra) values ('NAPDIR04','Laura','Belli',null,38,null,'Napoli');
insert into dirigenza(idTesserati,ruolo) values ('NAPDIR01','Presidente');
insert into dirigenza(idTesserati,ruolo) values ('NAPDIR02','Amministratore Delegato');
insert into dirigenza(idTesserati,ruolo) values ('NAPDIR03','Direttore Sportivo');
insert into dirigenza(idTesserati,ruolo) values ('NAPDIR04','Consigliere');
/* STAFF TECNICO*/
insert into tesserati(idTesserati,nome,cognome,scadenzaContratto,età,stipendio,nomeSquadra) values ('NAPSTT01','Gennaro','Gattuso','2021-06-30',42,2000000,'Napoli');
insert into tesserati(idTesserati,nome,cognome,scadenzaContratto,età,stipendio,nomeSquadra) values ('NAPSTT02','Luigi','Riccio','2021-06-30',42,250000,'Napoli');
insert into tesserati(idTesserati,nome,cognome,scadenzaContratto,età,stipendio,nomeSquadra) values ('NAPSTT03','Alessandro','Nista','2021-06-30',54,80000,'Napoli');
insert into stafftecnico(idTesserati,ruolo) values ('NAPSTT01','Allenatore');
insert into stafftecnico(idTesserati,ruolo) values ('NAPSTT02','Allenatore in seconda');
insert into stafftecnico(idTesserati,ruolo) values ('NAPSTT03','Allenatore dei portieri');
/* STAFF MEDICO*/
insert into tesserati(idTesserati,nome,cognome,scadenzaContratto,età,stipendio,nomeSquadra) values ('NAPSTM01','Enrico','D Andrea','2022-06-30',53,200000,'Napoli');
insert into tesserati(idTesserati,nome,cognome,scadenzaContratto,età,stipendio,nomeSquadra) values ('NAPSTM02','Raffaele','Canonico','2022-06-30',47,200000,'Napoli');
insert into tesserati(idTesserati,nome,cognome,scadenzaContratto,età,stipendio,nomeSquadra) values ('NAPSTM03','Marco','Romano','2022-06-30',50,20000,'Napoli');
insert into staffmedico(idTesserati,specializzazione) values ('NAPSTM01','Responsabile Sanitario');
insert into staffmedico(idTesserati,specializzazione) values ('NAPSTM02','Recupero Infortuni');
insert into staffmedico(idTesserati,specializzazione) values ('NAPSTM03','Fisioterapista');
/* GIOCATORI*/
insert into tesserati(idTesserati,nome,cognome,scadenzaContratto,età,stipendio,nomeSquadra) values ('NAPGIO01','Alex','Meret','2023-06-30',22,2200000,'Napoli');
insert into tesserati(idTesserati,nome,cognome,scadenzaContratto,età,stipendio,nomeSquadra) values ('NAPGIO02','David','Ospina','2022-06-30',31,1500000,'Napoli');
insert into tesserati(idTesserati,nome,cognome,scadenzaContratto,età,stipendio,nomeSquadra) values ('NAPGIO03','Kalidou','Koulibaly','2023-06-30',28,3300000,'Napoli');
insert into tesserati(idTesserati,nome,cognome,scadenzaContratto,età,stipendio,nomeSquadra) values ('NAPGIO04','Kostas','Manolas','2024-06-30',28,2900000,'Napoli');
insert into tesserati(idTesserati,nome,cognome,scadenzaContratto,età,stipendio,nomeSquadra) values ('NAPGIO05','Sebastiano','Luperto','2023-06-30',23,800000,'Napoli');
insert into tesserati(idTesserati,nome,cognome,scadenzaContratto,età,stipendio,nomeSquadra) values ('NAPGIO06','Mario','Rui','2022-06-30',28,1750000,'Napoli');
insert into tesserati(idTesserati,nome,cognome,scadenzaContratto,età,stipendio,nomeSquadra) values ('NAPGIO07','Giovanni','Di Lorenzo','2024-06-30',26,1350000,'Napoli');
insert into tesserati(idTesserati,nome,cognome,scadenzaContratto,età,stipendio,nomeSquadra) values ('NAPGIO08','Fabian','Ruiz','2023-06-30',23,2000000,'Napoli');
insert into tesserati(idTesserati,nome,cognome,scadenzaContratto,età,stipendio,nomeSquadra) values ('NAPGIO09','Piotr','Zielinski','2021-06-30',25,1650000,'Napoli');
insert into tesserati(idTesserati,nome,cognome,scadenzaContratto,età,stipendio,nomeSquadra) values ('NAPGIO10','Diego','Demme','2024-06-30',28,1250000,'Napoli');
insert into tesserati(idTesserati,nome,cognome,scadenzaContratto,età,stipendio,nomeSquadra) values ('NAPGIO11','Stanislav','Lobotka','2024-06-30',25,1700000,'Napoli');
insert into tesserati(idTesserati,nome,cognome,scadenzaContratto,età,stipendio,nomeSquadra) values ('NAPGIO12','Eljif','Elmas','2024-06-30',20,1000000,'Napoli');
insert into tesserati(idTesserati,nome,cognome,scadenzaContratto,età,stipendio,nomeSquadra) values ('NAPGIO13','Lorenzo','Insigne','2022-06-30',28,2500000,'Napoli');
insert into tesserati(idTesserati,nome,cognome,scadenzaContratto,età,stipendio,nomeSquadra) values ('NAPGIO14','Hirving','Lozano','2024-06-30',24,3000000,'Napoli');
insert into tesserati(idTesserati,nome,cognome,scadenzaContratto,età,stipendio,nomeSquadra) values ('NAPGIO15','Dries','Mertens','2020-06-30',32,2500000,'Napoli');
																																					  
insert into giocatore(idTesserati,ruolo,golFatti,golSubiti,assist,partiteGiocate,trofei,cartelliniGialli,cartelliniRossi) values ('NAPGIO01','Portiere',0,69,0,50,0,2,0);
insert into giocatore(idTesserati,ruolo,golFatti,golSubiti,assist,partiteGiocate,trofei,cartelliniGialli,cartelliniRossi) values ('NAPGIO02','Portiere',0,20,0,14,0,0,0);
insert into giocatore(idTesserati,ruolo,golFatti,golSubiti,assist,partiteGiocate,trofei,cartelliniGialli,cartelliniRossi) values ('NAPGIO03','Difensore',4,NULL,0,100,0,7,3);
insert into giocatore(idTesserati,ruolo,golFatti,golSubiti,assist,partiteGiocate,trofei,cartelliniGialli,cartelliniRossi) values ('NAPGIO04','Difensore',6,NULL,1,130,0,6,2);
insert into giocatore(idTesserati,ruolo,golFatti,golSubiti,assist,partiteGiocate,trofei,cartelliniGialli,cartelliniRossi) values ('NAPGIO05','Difensore',1,NULL,0,20,0,2,0);
insert into giocatore(idTesserati,ruolo,golFatti,golSubiti,assist,partiteGiocate,trofei,cartelliniGialli,cartelliniRossi) values ('NAPGIO06','Difensore',2,NULL,3,97,0,5,1);
insert into giocatore(idTesserati,ruolo,golFatti,golSubiti,assist,partiteGiocate,trofei,cartelliniGialli,cartelliniRossi) values ('NAPGIO07','Difensore',2,NULL,7,40,0,5,1);
insert into giocatore(idTesserati,ruolo,golFatti,golSubiti,assist,partiteGiocate,trofei,cartelliniGialli,cartelliniRossi) values ('NAPGIO08','Centrocampista',5,NULL,4,45,0,5,0);
insert into giocatore(idTesserati,ruolo,golFatti,golSubiti,assist,partiteGiocate,trofei,cartelliniGialli,cartelliniRossi) values ('NAPGIO09','Centrocampista',8,NULL,5,75,0,7,0);
insert into giocatore(idTesserati,ruolo,golFatti,golSubiti,assist,partiteGiocate,trofei,cartelliniGialli,cartelliniRossi) values ('NAPGIO10','Centrocampista',0,NULL,1,0,0,1,0);
insert into giocatore(idTesserati,ruolo,golFatti,golSubiti,assist,partiteGiocate,trofei,cartelliniGialli,cartelliniRossi) values ('NAPGIO11','Centrocampista',0,NULL,0,0,0,0,0);
insert into giocatore(idTesserati,ruolo,golFatti,golSubiti,assist,partiteGiocate,trofei,cartelliniGialli,cartelliniRossi) values ('NAPGIO12','Centrocampista',1,NULL,0,18,0,1,0);
insert into giocatore(idTesserati,ruolo,golFatti,golSubiti,assist,partiteGiocate,trofei,cartelliniGialli,cartelliniRossi) values ('NAPGIO13','Attaccante',33,NULL,8,97,0,6,1);
insert into giocatore(idTesserati,ruolo,golFatti,golSubiti,assist,partiteGiocate,trofei,cartelliniGialli,cartelliniRossi) values ('NAPGIO14','Attaccante',2,NULL,0,15,0,3,0);
insert into giocatore(idTesserati,ruolo,golFatti,golSubiti,assist,partiteGiocate,trofei,cartelliniGialli,cartelliniRossi) values ('NAPGIO15','Attaccante',95,NULL,9,135,0,7,0);

/* DIRIGENZA*/
insert into tesserati(idTesserati,nome,cognome,scadenzaContratto,età,stipendio,nomeSquadra) values ('PARDIR01','Pietro','Pizzarotti',null,45,null,'Parma');
insert into tesserati(idTesserati,nome,cognome,scadenzaContratto,età,stipendio,nomeSquadra) values ('PARDIR02','Alessandro','Lucarelli',null,42,null,'Parma');
insert into tesserati(idTesserati,nome,cognome,scadenzaContratto,età,stipendio,nomeSquadra) values ('PARDIR03','Daniele','Faggiano',null,42,null,'Parma');
insert into tesserati(idTesserati,nome,cognome,scadenzaContratto,età,stipendio,nomeSquadra) values ('PARDIR04','Alessio','Cracolici',null,48,null,'Parma');
insert into dirigenza(idTesserati,ruolo) values ('PARDIR01','Presidente');
insert into dirigenza(idTesserati,ruolo) values ('PARDIR02','Vice Presidente');
insert into dirigenza(idTesserati,ruolo) values ('PARDIR03','Direttore Sportivo');
insert into dirigenza(idTesserati,ruolo) values ('PARDIR04','Consigliere');
/* STAFF TECNICO*/
insert into tesserati(idTesserati,nome,cognome,scadenzaContratto,età,stipendio,nomeSquadra) values ('PARSTT01','Roberto','D Aversa','2022-06-30',44,1200000,'Parma');
insert into tesserati(idTesserati,nome,cognome,scadenzaContratto,età,stipendio,nomeSquadra) values ('PARSTT02','Andrea','Tarozzi','2022-06-30',46,350000,'Parma');
insert into tesserati(idTesserati,nome,cognome,scadenzaContratto,età,stipendio,nomeSquadra) values ('PARSTT03','Alberto','Bartoli','2022-06-30',53,95000,'Parma');
insert into stafftecnico(idTesserati,ruolo) values ('PARSTT01','Allenatore');
insert into stafftecnico(idTesserati,ruolo) values ('PARSTT02','Allenatore in seconda');
insert into stafftecnico(idTesserati,ruolo) values ('PARSTT03','Allenatore dei portieri');
/* STAFF MEDICO*/
insert into tesserati(idTesserati,nome,cognome,scadenzaContratto,età,stipendio,nomeSquadra) values ('PARSTM01','Giulio','Pasta','2023-06-30',63,250000,'Parma');
insert into tesserati(idTesserati,nome,cognome,scadenzaContratto,età,stipendio,nomeSquadra) values ('PARSTM02','Roberto','D ovidio','2023-06-30',59,100000,'Parma');
insert into tesserati(idTesserati,nome,cognome,scadenzaContratto,età,stipendio,nomeSquadra) values ('PARSTM03','Giorgio','Balotta','2023-06-30',43,20000,'Parma');
insert into staffmedico(idTesserati,specializzazione) values ('PARSTM01','Responsabile Sanitario');
insert into staffmedico(idTesserati,specializzazione) values ('PARSTM02','Recupero Infortuni');
insert into staffmedico(idTesserati,specializzazione) values ('PARSTM03','Fisioterapista');
/* GIOCATORI*/
insert into tesserati(idTesserati,nome,cognome,scadenzaContratto,età,stipendio,nomeSquadra) values ('PARGIO01','Luigi','Sepe','2020-06-30',28,1000000,'Parma');
insert into tesserati(idTesserati,nome,cognome,scadenzaContratto,età,stipendio,nomeSquadra) values ('PARGIO02','Simone','Colombi','2022-06-30',28,150000,'Parma');
insert into tesserati(idTesserati,nome,cognome,scadenzaContratto,età,stipendio,nomeSquadra) values ('PARGIO03','Simone','Iacoponi','2022-06-30',32,1300000,'Parma');
insert into tesserati(idTesserati,nome,cognome,scadenzaContratto,età,stipendio,nomeSquadra) values ('PARGIO04','Bruno','Alves','2020-06-30',38,1700000,'Parma');
insert into tesserati(idTesserati,nome,cognome,scadenzaContratto,età,stipendio,nomeSquadra) values ('PARGIO05','Giuseppe','Pezzella','2020-06-30',22,300000,'Parma');
insert into tesserati(idTesserati,nome,cognome,scadenzaContratto,età,stipendio,nomeSquadra) values ('PARGIO06','Matteo','Darmian','2023-06-30',30,1500000,'Parma');
insert into tesserati(idTesserati,nome,cognome,scadenzaContratto,età,stipendio,nomeSquadra) values ('PARGIO07','Riccardo','Gagliolo','2022-06-30',29,1220000,'Parma');
insert into tesserati(idTesserati,nome,cognome,scadenzaContratto,età,stipendio,nomeSquadra) values ('PARGIO08','Matteo','Scozzarella','2020-06-30',31,1100000,'Parma');
insert into tesserati(idTesserati,nome,cognome,scadenzaContratto,età,stipendio,nomeSquadra) values ('PARGIO09','Juraj','Kucka','2022-06-30',32,1750000,'Parma');
insert into tesserati(idTesserati,nome,cognome,scadenzaContratto,età,stipendio,nomeSquadra) values ('PARGIO10','Alberto','Grassi','2020-06-30',24,800000,'Parma');
insert into tesserati(idTesserati,nome,cognome,scadenzaContratto,età,stipendio,nomeSquadra) values ('PARGIO11','Jasmin','Kurtic','2020-06-30',31,1500000,'Parma');
insert into tesserati(idTesserati,nome,cognome,scadenzaContratto,età,stipendio,nomeSquadra) values ('PARGIO12','Gaston','Brugman','2022-06-30',27,500000,'Parma');
insert into tesserati(idTesserati,nome,cognome,scadenzaContratto,età,stipendio,nomeSquadra) values ('PARGIO13','Dejan','Kulusevski','2020-06-30',19,7500000,'Parma');
insert into tesserati(idTesserati,nome,cognome,scadenzaContratto,età,stipendio,nomeSquadra) values ('PARGIO14','Roberto','Inglese','2024-06-30',28,1800000,'Parma');
insert into tesserati(idTesserati,nome,cognome,scadenzaContratto,età,stipendio,nomeSquadra) values ('PARGIO15','Andreas','Cornelius','2021-06-30',26,1000000,'Parma');
																																					  
insert into giocatore(idTesserati,ruolo,golFatti,golSubiti,assist,partiteGiocate,trofei,cartelliniGialli,cartelliniRossi) values ('PARGIO01','Portiere',0,65,0,40,0,2,0);
insert into giocatore(idTesserati,ruolo,golFatti,golSubiti,assist,partiteGiocate,trofei,cartelliniGialli,cartelliniRossi) values ('PARGIO02','Portiere',0,0,0,0,0,0,0);
insert into giocatore(idTesserati,ruolo,golFatti,golSubiti,assist,partiteGiocate,trofei,cartelliniGialli,cartelliniRossi) values ('PARGIO03','Difensore',1,NULL,0,69,0,5,1);
insert into giocatore(idTesserati,ruolo,golFatti,golSubiti,assist,partiteGiocate,trofei,cartelliniGialli,cartelliniRossi) values ('PARGIO04','Difensore',5,NULL,1,182,0,6,2);
insert into giocatore(idTesserati,ruolo,golFatti,golSubiti,assist,partiteGiocate,trofei,cartelliniGialli,cartelliniRossi) values ('PARGIO05','Difensore',1,NULL,4,100,1,4,1);
insert into giocatore(idTesserati,ruolo,golFatti,golSubiti,assist,partiteGiocate,trofei,cartelliniGialli,cartelliniRossi) values ('PARGIO06','Difensore',2,NULL,11,97,0,5,0);
insert into giocatore(idTesserati,ruolo,golFatti,golSubiti,assist,partiteGiocate,trofei,cartelliniGialli,cartelliniRossi) values ('PARGIO07','Difensore',0,NULL,3,20,0,1,0);
insert into giocatore(idTesserati,ruolo,golFatti,golSubiti,assist,partiteGiocate,trofei,cartelliniGialli,cartelliniRossi) values ('PARGIO08','Centrocampista',1,NULL,5,18,0,5,0);
insert into giocatore(idTesserati,ruolo,golFatti,golSubiti,assist,partiteGiocate,trofei,cartelliniGialli,cartelliniRossi) values ('PARGIO09','Centrocampista',1,NULL,2,147,0,6,2);
insert into giocatore(idTesserati,ruolo,golFatti,golSubiti,assist,partiteGiocate,trofei,cartelliniGialli,cartelliniRossi) values ('PARGIO10','Centrocampista',2,NULL,1,18,0,1,1);
insert into giocatore(idTesserati,ruolo,golFatti,golSubiti,assist,partiteGiocate,trofei,cartelliniGialli,cartelliniRossi) values ('PARGIO11','Centrocampista',10,NULL,1,156,0,4,0);
insert into giocatore(idTesserati,ruolo,golFatti,golSubiti,assist,partiteGiocate,trofei,cartelliniGialli,cartelliniRossi) values ('PARGIO12','Centrocampista',0,NULL,0,0,0,0,0);
insert into giocatore(idTesserati,ruolo,golFatti,golSubiti,assist,partiteGiocate,trofei,cartelliniGialli,cartelliniRossi) values ('PARGIO13','Attaccante',4,NULL,7,18,0,2,0);
insert into giocatore(idTesserati,ruolo,golFatti,golSubiti,assist,partiteGiocate,trofei,cartelliniGialli,cartelliniRossi) values ('PARGIO14','Attaccante',50,NULL,4,104,0,4,0);
insert into giocatore(idTesserati,ruolo,golFatti,golSubiti,assist,partiteGiocate,trofei,cartelliniGialli,cartelliniRossi) values ('PARGIO15','Attaccante',7,NULL,0,20,0,2,0);


/* DIRIGENZA*/
insert into tesserati(idTesserati,nome,cognome,scadenzaContratto,età,stipendio,nomeSquadra) values ('ROMDIR01','James','Pallotta',null,61,null,'Roma');
insert into tesserati(idTesserati,nome,cognome,scadenzaContratto,età,stipendio,nomeSquadra) values ('ROMDIR02','Guido','Fienga',null,49,null,'Roma');
insert into tesserati(idTesserati,nome,cognome,scadenzaContratto,età,stipendio,nomeSquadra) values ('ROMDIR03','Gianluca','Petrachi',null,51,null,'Roma');
insert into tesserati(idTesserati,nome,cognome,scadenzaContratto,età,stipendio,nomeSquadra) values ('ROMDIR04','Mauro','Baldissoni',null,49,null,'Roma');
insert into dirigenza(idTesserati,ruolo) values ('ROMDIR01','Presidente');
insert into dirigenza(idTesserati,ruolo) values ('ROMDIR02','Amministratore Delegato');
insert into dirigenza(idTesserati,ruolo) values ('ROMDIR03','Direttore Sportivo');
insert into dirigenza(idTesserati,ruolo) values ('ROMDIR04','Consigliere');
/* STAFF TECNICO*/
insert into tesserati(idTesserati,nome,cognome,scadenzaContratto,età,stipendio,nomeSquadra) values ('ROMSTT01','Paulo','Fonseca','2021-06-30',46,1800000,'Roma');
insert into tesserati(idTesserati,nome,cognome,scadenzaContratto,età,stipendio,nomeSquadra) values ('ROMSTT02','Nuno','Campos','2021-06-30',44,550000,'Roma');
insert into tesserati(idTesserati,nome,cognome,scadenzaContratto,età,stipendio,nomeSquadra) values ('ROMSTT03','Marco','Savorani','2021-06-30',54,180000,'Roma');
insert into stafftecnico(idTesserati,ruolo) values ('ROMSTT01','Allenatore');
insert into stafftecnico(idTesserati,ruolo) values ('ROMSTT02','Allenatore in seconda');
insert into stafftecnico(idTesserati,ruolo) values ('ROMSTT03','Allenatore dei portieri');
/* STAFF MEDICO*/
insert into tesserati(idTesserati,nome,cognome,scadenzaContratto,età,stipendio,nomeSquadra) values ('ROMSTM01','Andrea','Causarano','2024-06-30',63,550000,'Roma');
insert into tesserati(idTesserati,nome,cognome,scadenzaContratto,età,stipendio,nomeSquadra) values ('ROMSTM02','Valerio','Flammini','2024-06-30',44,190000,'Roma');
insert into tesserati(idTesserati,nome,cognome,scadenzaContratto,età,stipendio,nomeSquadra) values ('ROMSTM03','Marco','Ferrelli','2024-06-30',39,65000,'Roma');
insert into staffmedico(idTesserati,specializzazione) values ('ROMSTM01','Responsabile Sanitario');
insert into staffmedico(idTesserati,specializzazione) values ('ROMSTM02','Recupero Infortuni');
insert into staffmedico(idTesserati,specializzazione) values ('ROMSTM03','Fisioterapista');
/* GIOCATORI*/
insert into tesserati(idTesserati,nome,cognome,scadenzaContratto,età,stipendio,nomeSquadra) values ('ROMGIO01','Pau','Lopez','2024-06-30',25,1500000,'Roma');
insert into tesserati(idTesserati,nome,cognome,scadenzaContratto,età,stipendio,nomeSquadra) values ('ROMGIO02','Antonio','Mirante','2021-06-30',36,550000,'Roma');
insert into tesserati(idTesserati,nome,cognome,scadenzaContratto,età,stipendio,nomeSquadra) values ('ROMGIO03','Gianluca','Mancini','2020-06-30',23,2300000,'Roma');
insert into tesserati(idTesserati,nome,cognome,scadenzaContratto,età,stipendio,nomeSquadra) values ('ROMGIO04','Chris','Smalling','2020-06-30',30,2500000,'Roma');
insert into tesserati(idTesserati,nome,cognome,scadenzaContratto,età,stipendio,nomeSquadra) values ('ROMGIO05','Juan','Jesus','2021-06-30',28,1100000,'Roma');
insert into tesserati(idTesserati,nome,cognome,scadenzaContratto,età,stipendio,nomeSquadra) values ('ROMGIO06','Federico','Fazio','2021-06-30',32,1750000,'Roma');
insert into tesserati(idTesserati,nome,cognome,scadenzaContratto,età,stipendio,nomeSquadra) values ('ROMGIO07','Alessandro','Florenzi','2023-06-30',28,2000000,'Roma');
insert into tesserati(idTesserati,nome,cognome,scadenzaContratto,età,stipendio,nomeSquadra) values ('ROMGIO08','Lorenzo','Pellegrini','2022-06-30',23,1600000,'Roma');
insert into tesserati(idTesserati,nome,cognome,scadenzaContratto,età,stipendio,nomeSquadra) values ('ROMGIO09','Bryan','Cristante','2024-06-30',24,3000000,'Roma');
insert into tesserati(idTesserati,nome,cognome,scadenzaContratto,età,stipendio,nomeSquadra) values ('ROMGIO10','Jordan','Veretout','2020-06-30',26,2400000,'Roma');
insert into tesserati(idTesserati,nome,cognome,scadenzaContratto,età,stipendio,nomeSquadra) values ('ROMGIO11','Nicolo','Zaniolo','2024-06-30',20,1500000,'Roma');
insert into tesserati(idTesserati,nome,cognome,scadenzaContratto,età,stipendio,nomeSquadra) values ('ROMGIO12','Javier','Pastore','2023-06-30',30,2150000,'Roma');
insert into tesserati(idTesserati,nome,cognome,scadenzaContratto,età,stipendio,nomeSquadra) values ('ROMGIO13','Edin','Dzeko','2022-06-30',33,2500000,'Roma');
insert into tesserati(idTesserati,nome,cognome,scadenzaContratto,età,stipendio,nomeSquadra) values ('ROMGIO14','Nikola','Kalinic','2020-06-30',32,1400000,'Roma');
insert into tesserati(idTesserati,nome,cognome,scadenzaContratto,età,stipendio,nomeSquadra) values ('ROMGIO15','Diego','Perotti','2021-06-30',31,1500000,'Roma');
																																					  
insert into giocatore(idTesserati,ruolo,golFatti,golSubiti,assist,partiteGiocate,trofei,cartelliniGialli,cartelliniRossi) values ('ROMGIO01','Portiere',0,35,0,20,0,2,0);
insert into giocatore(idTesserati,ruolo,golFatti,golSubiti,assist,partiteGiocate,trofei,cartelliniGialli,cartelliniRossi) values ('ROMGIO02','Portiere',0,160,0,102,0,2,0);
insert into giocatore(idTesserati,ruolo,golFatti,golSubiti,assist,partiteGiocate,trofei,cartelliniGialli,cartelliniRossi) values ('ROMGIO03','Difensore',8,NULL,0,59,0,5,0);
insert into giocatore(idTesserati,ruolo,golFatti,golSubiti,assist,partiteGiocate,trofei,cartelliniGialli,cartelliniRossi) values ('ROMGIO04','Difensore',3,NULL,1,15,0,2,0);
insert into giocatore(idTesserati,ruolo,golFatti,golSubiti,assist,partiteGiocate,trofei,cartelliniGialli,cartelliniRossi) values ('ROMGIO05','Difensore',9,NULL,4,125,0,4,1);
insert into giocatore(idTesserati,ruolo,golFatti,golSubiti,assist,partiteGiocate,trofei,cartelliniGialli,cartelliniRossi) values ('ROMGIO06','Difensore',3,NULL,0,57,0,5,2);
insert into giocatore(idTesserati,ruolo,golFatti,golSubiti,assist,partiteGiocate,trofei,cartelliniGialli,cartelliniRossi) values ('ROMGIO07','Difensore',3,NULL,6,100,0,5,1);
insert into giocatore(idTesserati,ruolo,golFatti,golSubiti,assist,partiteGiocate,trofei,cartelliniGialli,cartelliniRossi) values ('ROMGIO08','Centrocampista',5,NULL,15,58,0,3,0);
insert into giocatore(idTesserati,ruolo,golFatti,golSubiti,assist,partiteGiocate,trofei,cartelliniGialli,cartelliniRossi) values ('ROMGIO09','Centrocampista',13,NULL,2,75,0,6,1);
insert into giocatore(idTesserati,ruolo,golFatti,golSubiti,assist,partiteGiocate,trofei,cartelliniGialli,cartelliniRossi) values ('ROMGIO10','Centrocampista',8,NULL,2,65,0,8,1);
insert into giocatore(idTesserati,ruolo,golFatti,golSubiti,assist,partiteGiocate,trofei,cartelliniGialli,cartelliniRossi) values ('ROMGIO11','Centrocampista',8,NULL,3,35,0,4,0);
insert into giocatore(idTesserati,ruolo,golFatti,golSubiti,assist,partiteGiocate,trofei,cartelliniGialli,cartelliniRossi) values ('ROMGIO12','Centrocampista',7,NULL,6,45,0,2,0);
insert into giocatore(idTesserati,ruolo,golFatti,golSubiti,assist,partiteGiocate,trofei,cartelliniGialli,cartelliniRossi) values ('ROMGIO13','Attaccante',55,NULL,6,98,0,6,0);
insert into giocatore(idTesserati,ruolo,golFatti,golSubiti,assist,partiteGiocate,trofei,cartelliniGialli,cartelliniRossi) values ('ROMGIO14','Attaccante',23,NULL,1,64,0,4,0);
insert into giocatore(idTesserati,ruolo,golFatti,golSubiti,assist,partiteGiocate,trofei,cartelliniGialli,cartelliniRossi) values ('ROMGIO15','Attaccante',19,NULL,4,55,0,2,0);

/* DIRIGENZA*/
insert into tesserati(idTesserati,nome,cognome,scadenzaContratto,età,stipendio,nomeSquadra) values ('SAMDIR01','Massimo','Ferrero',null,68,null,'Sampdoria');
insert into tesserati(idTesserati,nome,cognome,scadenzaContratto,età,stipendio,nomeSquadra) values ('SAMDIR02','Carlo','Catanoso',null,55,null,'Sampdoria');
insert into tesserati(idTesserati,nome,cognome,scadenzaContratto,età,stipendio,nomeSquadra) values ('SAMDIR03','Carlo','Osti',null,62,null,'Sampdoria');
insert into tesserati(idTesserati,nome,cognome,scadenzaContratto,età,stipendio,nomeSquadra) values ('SAMDIR04','Giorgio','Ajazzone',null,48,null,'Sampdoria');
insert into dirigenza(idTesserati,ruolo) values ('SAMDIR01','Presidente');
insert into dirigenza(idTesserati,ruolo) values ('SAMDIR02','Amministratore Delegato');
insert into dirigenza(idTesserati,ruolo) values ('SAMDIR03','Direttore Sportivo');
insert into dirigenza(idTesserati,ruolo) values ('SAMDIR04','Consigliere');
/* STAFF TECNICO*/
insert into tesserati(idTesserati,nome,cognome,scadenzaContratto,età,stipendio,nomeSquadra) values ('SAMSTT01','Claudio','Ranieri','2021-06-30',68,1800000,'Sampdoria');
insert into tesserati(idTesserati,nome,cognome,scadenzaContratto,età,stipendio,nomeSquadra) values ('SAMSTT02','Paolo','Benetti','2021-06-30',54,250000,'Sampdoria');
insert into tesserati(idTesserati,nome,cognome,scadenzaContratto,età,stipendio,nomeSquadra) values ('SAMSTT03','Fabrizio','Lorieri','2021-06-30',55,55000,'Sampdoria');
insert into stafftecnico(idTesserati,ruolo) values ('SAMSTT01','Allenatore');
insert into stafftecnico(idTesserati,ruolo) values ('SAMSTT02','Allenatore in seconda');
insert into stafftecnico(idTesserati,ruolo) values ('SAMSTT03','Allenatore dei portieri');
/* STAFF MEDICO*/
insert into tesserati(idTesserati,nome,cognome,scadenzaContratto,età,stipendio,nomeSquadra) values ('SAMSTM01','Amedeo','Baldari','2023-06-30',43,200000,'Sampdoria');
insert into tesserati(idTesserati,nome,cognome,scadenzaContratto,età,stipendio,nomeSquadra) values ('SAMSTM02','Claudio','Mazzola','2023-06-30',57,75000,'Sampdoria');
insert into tesserati(idTesserati,nome,cognome,scadenzaContratto,età,stipendio,nomeSquadra) values ('SAMSTM03','Roberto','Capannelli','2023-06-30',60,60000,'Sampdoria');
insert into staffmedico(idTesserati,specializzazione) values ('SAMSTM01','Responsabile Sanitario');
insert into staffmedico(idTesserati,specializzazione) values ('SAMSTM02','Recupero Infortuni');
insert into staffmedico(idTesserati,specializzazione) values ('SAMSTM03','Fisioterapista');
/* GIOCATORI*/
insert into tesserati(idTesserati,nome,cognome,scadenzaContratto,età,stipendio,nomeSquadra) values ('SAMGIO01','Emil','Audero','2020-06-30',23,1500000,'Sampdoria');
insert into tesserati(idTesserati,nome,cognome,scadenzaContratto,età,stipendio,nomeSquadra) values ('SAMGIO02','Andrea','Seculin','2020-06-30',29,250000,'Sampdoria');
insert into tesserati(idTesserati,nome,cognome,scadenzaContratto,età,stipendio,nomeSquadra) values ('SAMGIO03','Omar','Colley','2022-06-30',27,1300000,'Sampdoria');
insert into tesserati(idTesserati,nome,cognome,scadenzaContratto,età,stipendio,nomeSquadra) values ('SAMGIO04','Alex','Ferrari','2023-06-30',25,1000000,'Sampdoria');
insert into tesserati(idTesserati,nome,cognome,scadenzaContratto,età,stipendio,nomeSquadra) values ('SAMGIO05','Vasco','Regini','2021-06-30',29,400000,'Sampdoria');
insert into tesserati(idTesserati,nome,cognome,scadenzaContratto,età,stipendio,nomeSquadra) values ('SAMGIO06','Nicola','Murru','2022-06-30',25,1500000,'Sampdoria');
insert into tesserati(idTesserati,nome,cognome,scadenzaContratto,età,stipendio,nomeSquadra) values ('SAMGIO07','Fabio','Depaoli','2024-06-30',22,950000,'Sampdoria');
insert into tesserati(idTesserati,nome,cognome,scadenzaContratto,età,stipendio,nomeSquadra) values ('SAMGIO08','Albin','Ekdal','2021-06-30',30,1200000,'Sampdoria');
insert into tesserati(idTesserati,nome,cognome,scadenzaContratto,età,stipendio,nomeSquadra) values ('SAMGIO09','Ronaldo','Vieira','2023-06-30',21,500000,'Sampdoria');
insert into tesserati(idTesserati,nome,cognome,scadenzaContratto,età,stipendio,nomeSquadra) values ('SAMGIO10','Gaston','Ramirez','2021-06-30',29,1400000,'Sampdoria');
insert into tesserati(idTesserati,nome,cognome,scadenzaContratto,età,stipendio,nomeSquadra) values ('SAMGIO11','Karol','Linetty','2021-06-30',24,1700000,'Sampdoria');
insert into tesserati(idTesserati,nome,cognome,scadenzaContratto,età,stipendio,nomeSquadra) values ('SAMGIO12','Andrea','Bertolacci','2020-06-30',29,750000,'Sampdoria');
insert into tesserati(idTesserati,nome,cognome,scadenzaContratto,età,stipendio,nomeSquadra) values ('SAMGIO13','Fabio','Quaglairella','2021-06-30',36,2000000,'Sampdoria');
insert into tesserati(idTesserati,nome,cognome,scadenzaContratto,età,stipendio,nomeSquadra) values ('SAMGIO14','Manolo','Gabbiadini','2023-06-30',28,1800000,'Sampdoria');
insert into tesserati(idTesserati,nome,cognome,scadenzaContratto,età,stipendio,nomeSquadra) values ('SAMGIO15','Gianluca','Caprari','2022-06-30',26,1000000,'Sampdoria');
																																					  
insert into giocatore(idTesserati,ruolo,golFatti,golSubiti,assist,partiteGiocate,trofei,cartelliniGialli,cartelliniRossi) values ('SAMGIO01','Portiere',0,92,0,75,0,2,0);
insert into giocatore(idTesserati,ruolo,golFatti,golSubiti,assist,partiteGiocate,trofei,cartelliniGialli,cartelliniRossi) values ('SAMGIO02','Portiere',0,11,0,10,0,0,0);
insert into giocatore(idTesserati,ruolo,golFatti,golSubiti,assist,partiteGiocate,trofei,cartelliniGialli,cartelliniRossi) values ('SAMGIO03','Difensore',6,NULL,0,69,0,5,0);
insert into giocatore(idTesserati,ruolo,golFatti,golSubiti,assist,partiteGiocate,trofei,cartelliniGialli,cartelliniRossi) values ('SAMGIO04','Difensore',5,NULL,1,82,0,6,0);
insert into giocatore(idTesserati,ruolo,golFatti,golSubiti,assist,partiteGiocate,trofei,cartelliniGialli,cartelliniRossi) values ('SAMGIO05','Difensore',9,NULL,4,125,6,4,1);
insert into giocatore(idTesserati,ruolo,golFatti,golSubiti,assist,partiteGiocate,trofei,cartelliniGialli,cartelliniRossi) values ('SAMGIO06','Difensore',2,NULL,11,97,0,5,0);
insert into giocatore(idTesserati,ruolo,golFatti,golSubiti,assist,partiteGiocate,trofei,cartelliniGialli,cartelliniRossi) values ('SAMGIO07','Difensore',0,NULL,0,3,0,0,0);
insert into giocatore(idTesserati,ruolo,golFatti,golSubiti,assist,partiteGiocate,trofei,cartelliniGialli,cartelliniRossi) values ('SAMGIO08','Centrocampista',13,NULL,5,118,0,5,2);
insert into giocatore(idTesserati,ruolo,golFatti,golSubiti,assist,partiteGiocate,trofei,cartelliniGialli,cartelliniRossi) values ('SAMGIO09','Centrocampista',8,NULL,5,147,0,6,2);
insert into giocatore(idTesserati,ruolo,golFatti,golSubiti,assist,partiteGiocate,trofei,cartelliniGialli,cartelliniRossi) values ('SAMGIO10','Centrocampista',26,NULL,12,189,0,8,1);
insert into giocatore(idTesserati,ruolo,golFatti,golSubiti,assist,partiteGiocate,trofei,cartelliniGialli,cartelliniRossi) values ('SAMGIO11','Centrocampista',17,NULL,18,116,0,4,0);
insert into giocatore(idTesserati,ruolo,golFatti,golSubiti,assist,partiteGiocate,trofei,cartelliniGialli,cartelliniRossi) values ('SAMGIO12','Centrocampista',3,NULL,2,18,0,7,0);
insert into giocatore(idTesserati,ruolo,golFatti,golSubiti,assist,partiteGiocate,trofei,cartelliniGialli,cartelliniRossi) values ('SAMGIO13','Attaccante',100,NULL,7,350,0,2,1);
insert into giocatore(idTesserati,ruolo,golFatti,golSubiti,assist,partiteGiocate,trofei,cartelliniGialli,cartelliniRossi) values ('SAMGIO14','Attaccante',20,NULL,4,64,0,4,0);
insert into giocatore(idTesserati,ruolo,golFatti,golSubiti,assist,partiteGiocate,trofei,cartelliniGialli,cartelliniRossi) values ('SAMGIO15','Attaccante',10,NULL,5,55,0,2,0);


/* DIRIGENZA*/
insert into tesserati(idTesserati,nome,cognome,scadenzaContratto,età,stipendio,nomeSquadra) values ('SASDIR01','Carlo','Rossi',null,63,null,'Sassuolo');
insert into tesserati(idTesserati,nome,cognome,scadenzaContratto,età,stipendio,nomeSquadra) values ('SASDIR02','Giovanni','Carnevali',null,52,null,'Sassuolo');
insert into tesserati(idTesserati,nome,cognome,scadenzaContratto,età,stipendio,nomeSquadra) values ('SASDIR03','Giovanni','Rossi',null,53,null,'Sassuolo');
insert into tesserati(idTesserati,nome,cognome,scadenzaContratto,età,stipendio,nomeSquadra) values ('SASDIR04','Fillo','Spitaleri',null,68,null,'Sassuolo');
insert into dirigenza(idTesserati,ruolo) values ('SASDIR01','Presidente');
insert into dirigenza(idTesserati,ruolo) values ('SASDIR02','Amministratore Delegato');
insert into dirigenza(idTesserati,ruolo) values ('SASDIR03','Direttore Sportivo');
insert into dirigenza(idTesserati,ruolo) values ('SASDIR04','Consigliere');
/* STAFF TECNICO*/
insert into tesserati(idTesserati,nome,cognome,scadenzaContratto,età,stipendio,nomeSquadra) values ('SASSTT01','Roberto','De Zerbi','2020-06-30',40,1250000,'Sassuolo');
insert into tesserati(idTesserati,nome,cognome,scadenzaContratto,età,stipendio,nomeSquadra) values ('SASSTT02','Davide','Possanzini','2020-06-30',43,255000,'Sassuolo');
insert into tesserati(idTesserati,nome,cognome,scadenzaContratto,età,stipendio,nomeSquadra) values ('SASSTT03','Francesco','Farioli','2020-06-30',30,80000,'Sassuolo');
insert into stafftecnico(idTesserati,ruolo) values ('SASSTT01','Allenatore');
insert into stafftecnico(idTesserati,ruolo) values ('SASSTT02','Allenatore in seconda');
insert into stafftecnico(idTesserati,ruolo) values ('SASSTT03','Allenatore dei portieri');
/* STAFF MEDICO*/
insert into tesserati(idTesserati,nome,cognome,scadenzaContratto,età,stipendio,nomeSquadra) values ('SASSTM01','Franco','Combi','2023-06-30',69,100000,'Sassuolo');
insert into tesserati(idTesserati,nome,cognome,scadenzaContratto,età,stipendio,nomeSquadra) values ('SASSTM02','Luca','Genesio','2023-06-30',47,65000,'Sassuolo');
insert into tesserati(idTesserati,nome,cognome,scadenzaContratto,età,stipendio,nomeSquadra) values ('SASSTM03','Andrea','Acciarri','2023-06-30',60,10000,'Sassuolo');
insert into staffmedico(idTesserati,specializzazione) values ('SASSTM01','Responsabile Sanitario');
insert into staffmedico(idTesserati,specializzazione) values ('SASSTM02','Recupero Infortuni');
insert into staffmedico(idTesserati,specializzazione) values ('SASSTM03','Fisioterapista');
/* GIOCATORI*/
insert into tesserati(idTesserati,nome,cognome,scadenzaContratto,età,stipendio,nomeSquadra) values ('SASGIO01','Andrea','Consigli','2023-06-30',32,1250000,'Sassuolo');
insert into tesserati(idTesserati,nome,cognome,scadenzaContratto,età,stipendio,nomeSquadra) values ('SASGIO02','Gianluca','Pegolo','2020-06-30',38,250000,'Sassuolo');
insert into tesserati(idTesserati,nome,cognome,scadenzaContratto,età,stipendio,nomeSquadra) values ('SASGIO03','Gianmarco','Ferrari','2023-06-30',27,1000000,'Sassuolo');
insert into tesserati(idTesserati,nome,cognome,scadenzaContratto,età,stipendio,nomeSquadra) values ('SASGIO04','Filippo','Romagna','2020-06-30',22,700000,'Sassuolo');
insert into tesserati(idTesserati,nome,cognome,scadenzaContratto,età,stipendio,nomeSquadra) values ('SASGIO05','Federico','Peluso','2021-06-30',36,1000000,'Sassuolo');
insert into tesserati(idTesserati,nome,cognome,scadenzaContratto,età,stipendio,nomeSquadra) values ('SASGIO06','Alessandro','Tripaldelli','2022-06-30',20,550000,'Sassuolo');
insert into tesserati(idTesserati,nome,cognome,scadenzaContratto,età,stipendio,nomeSquadra) values ('SASGIO07','Jeremy','Toljan','2020-06-30',25,1350000,'Sassuolo');
insert into tesserati(idTesserati,nome,cognome,scadenzaContratto,età,stipendio,nomeSquadra) values ('SASGIO08','Francesco','Magnanelli','2021-06-30',35,1200000,'Sassuolo');
insert into tesserati(idTesserati,nome,cognome,scadenzaContratto,età,stipendio,nomeSquadra) values ('SASGIO09','Alfred','Duncan','2022-06-30',26,1450000,'Sassuolo');
insert into tesserati(idTesserati,nome,cognome,scadenzaContratto,età,stipendio,nomeSquadra) values ('SASGIO10','Manuel','Locatelli','2023-06-30',22,1200000,'Sassuolo');
insert into tesserati(idTesserati,nome,cognome,scadenzaContratto,età,stipendio,nomeSquadra) values ('SASGIO11','Pedro','Obiang','2020-06-30',27,1600000,'Sassuolo');
insert into tesserati(idTesserati,nome,cognome,scadenzaContratto,età,stipendio,nomeSquadra) values ('SASGIO12','Filip','Djuricic','2022-06-30',27,1350000,'Sassuolo');
insert into tesserati(idTesserati,nome,cognome,scadenzaContratto,età,stipendio,nomeSquadra) values ('SASGIO13','Jeremie','Boga','2022-06-30',23,1700000,'Sassuolo');
insert into tesserati(idTesserati,nome,cognome,scadenzaContratto,età,stipendio,nomeSquadra) values ('SASGIO14','Domenico','Berardi','2024-06-30',25,1900000,'Sassuolo');
insert into tesserati(idTesserati,nome,cognome,scadenzaContratto,età,stipendio,nomeSquadra) values ('SASGIO15','Francesco','Caputo','2022-06-30',32,1800000,'Sassuolo');
																																					  
insert into giocatore(idTesserati,ruolo,golFatti,golSubiti,assist,partiteGiocate,trofei,cartelliniGialli,cartelliniRossi) values ('SASGIO01','Portiere',0,225,0,150,0,2,0);
insert into giocatore(idTesserati,ruolo,golFatti,golSubiti,assist,partiteGiocate,trofei,cartelliniGialli,cartelliniRossi) values ('SASGIO02','Portiere',0,2,0,3,0,0,0);
insert into giocatore(idTesserati,ruolo,golFatti,golSubiti,assist,partiteGiocate,trofei,cartelliniGialli,cartelliniRossi) values ('SASGIO03','Difensore',1,NULL,0,59,0,5,0);
insert into giocatore(idTesserati,ruolo,golFatti,golSubiti,assist,partiteGiocate,trofei,cartelliniGialli,cartelliniRossi) values ('SASGIO04','Difensore',0,NULL,1,20,0,6,0);
insert into giocatore(idTesserati,ruolo,golFatti,golSubiti,assist,partiteGiocate,trofei,cartelliniGialli,cartelliniRossi) values ('SASGIO05','Difensore',1,NULL,3,205,2,16,2);
insert into giocatore(idTesserati,ruolo,golFatti,golSubiti,assist,partiteGiocate,trofei,cartelliniGialli,cartelliniRossi) values ('SASGIO06','Difensore',0,NULL,0,17,0,5,0);
insert into giocatore(idTesserati,ruolo,golFatti,golSubiti,assist,partiteGiocate,trofei,cartelliniGialli,cartelliniRossi) values ('SASGIO07','Difensore',0,NULL,2,13,0,1,0);
insert into giocatore(idTesserati,ruolo,golFatti,golSubiti,assist,partiteGiocate,trofei,cartelliniGialli,cartelliniRossi) values ('SASGIO08','Centrocampista',3,NULL,5,80,0,5,2);
insert into giocatore(idTesserati,ruolo,golFatti,golSubiti,assist,partiteGiocate,trofei,cartelliniGialli,cartelliniRossi) values ('SASGIO09','Centrocampista',8,NULL,5,97,0,8,0);
insert into giocatore(idTesserati,ruolo,golFatti,golSubiti,assist,partiteGiocate,trofei,cartelliniGialli,cartelliniRossi) values ('SASGIO10','Centrocampista',6,NULL,2,59,0,6,0);
insert into giocatore(idTesserati,ruolo,golFatti,golSubiti,assist,partiteGiocate,trofei,cartelliniGialli,cartelliniRossi) values ('SASGIO11','Centrocampista',2,NULL,6,116,0,12,3);
insert into giocatore(idTesserati,ruolo,golFatti,golSubiti,assist,partiteGiocate,trofei,cartelliniGialli,cartelliniRossi) values ('SASGIO12','Centrocampista',4,NULL,2,20,0,3,0);
insert into giocatore(idTesserati,ruolo,golFatti,golSubiti,assist,partiteGiocate,trofei,cartelliniGialli,cartelliniRossi) values ('SASGIO13','Attaccante',27,NULL,9,100,0,9,3);
insert into giocatore(idTesserati,ruolo,golFatti,golSubiti,assist,partiteGiocate,trofei,cartelliniGialli,cartelliniRossi) values ('SASGIO14','Attaccante',8,NULL,2,20,0,2,0);
insert into giocatore(idTesserati,ruolo,golFatti,golSubiti,assist,partiteGiocate,trofei,cartelliniGialli,cartelliniRossi) values ('SASGIO15','Attaccante',22,NULL,3,42,0,2,0);

/* DIRIGENZA*/
insert into tesserati(idTesserati,nome,cognome,scadenzaContratto,età,stipendio,nomeSquadra) values ('SPADIR01','Walter','Mattioli',null,50,null,'Spal');
insert into tesserati(idTesserati,nome,cognome,scadenzaContratto,età,stipendio,nomeSquadra) values ('SPADIR02','Simone','Colombarini',null,49,null,'Spal');
insert into tesserati(idTesserati,nome,cognome,scadenzaContratto,età,stipendio,nomeSquadra) values ('SPADIR03','Davide','Vagnati',null,41,null,'Spal');
insert into tesserati(idTesserati,nome,cognome,scadenzaContratto,età,stipendio,nomeSquadra) values ('SPADIR04','Alessandro','Andreini',null,45,null,'Spal');
insert into dirigenza(idTesserati,ruolo) values ('SPADIR01','Presidente');
insert into dirigenza(idTesserati,ruolo) values ('SPADIR02','Amministratore Delegato');
insert into dirigenza(idTesserati,ruolo) values ('SPADIR03','Direttore Sportivo');
insert into dirigenza(idTesserati,ruolo) values ('SPADIR04','Consigliere');
/* STAFF TECNICO*/
insert into tesserati(idTesserati,nome,cognome,scadenzaContratto,età,stipendio,nomeSquadra) values ('SPASTT01','Leonardo','Semplici','2021-06-30',52,1000000,'Spal');
insert into tesserati(idTesserati,nome,cognome,scadenzaContratto,età,stipendio,nomeSquadra) values ('SPASTT02','Andrea','Consumi','2021-06-30',46,150000,'Spal');
insert into tesserati(idTesserati,nome,cognome,scadenzaContratto,età,stipendio,nomeSquadra) values ('SPASTT03','Cristiano','Scalabrelli','2021-06-30',49,80000,'Spal');
insert into stafftecnico(idTesserati,ruolo) values ('SPASTT01','Allenatore');
insert into stafftecnico(idTesserati,ruolo) values ('SPASTT02','Allenatore in seconda');
insert into stafftecnico(idTesserati,ruolo) values ('SPASTT03','Allenatore dei portieri');
/* STAFF MEDICO*/
insert into tesserati(idTesserati,nome,cognome,scadenzaContratto,età,stipendio,nomeSquadra) values ('SPASTM01','Paolo','Minafra','2025-06-30',65,300000,'Spal');
insert into tesserati(idTesserati,nome,cognome,scadenzaContratto,età,stipendio,nomeSquadra) values ('SPASTM02','Raffaella','Giagnorio','2025-06-30',49,150000,'Spal');
insert into tesserati(idTesserati,nome,cognome,scadenzaContratto,età,stipendio,nomeSquadra) values ('SPASTM03','Matteo','Evangelisti','2025-06-30',50,20000,'Spal');
insert into staffmedico(idTesserati,specializzazione) values ('SPASTM01','Responsabile Sanitario');
insert into staffmedico(idTesserati,specializzazione) values ('SPASTM02','Recupero Infortuni');
insert into staffmedico(idTesserati,specializzazione) values ('SPASTM03','Fisioterapista');
/* GIOCATORI*/
insert into tesserati(idTesserati,nome,cognome,scadenzaContratto,età,stipendio,nomeSquadra) values ('SPAGIO01','Etrit','Berisha','2020-06-30',30,1200000,'Spal');
insert into tesserati(idTesserati,nome,cognome,scadenzaContratto,età,stipendio,nomeSquadra) values ('SPAGIO02','Karlo','Letica','2020-06-30',22,150000,'Spal');
insert into tesserati(idTesserati,nome,cognome,scadenzaContratto,età,stipendio,nomeSquadra) values ('SPAGIO03','Francesco','Vicari','2022-06-30',25,1200000,'Spal');
insert into tesserati(idTesserati,nome,cognome,scadenzaContratto,età,stipendio,nomeSquadra) values ('SPAGIO04','Thiago','Cionek','2020-06-30',33,1000000,'Spal');
insert into tesserati(idTesserati,nome,cognome,scadenzaContratto,età,stipendio,nomeSquadra) values ('SPAGIO05','Nenad','Tomovic','2020-06-30',32,1100000,'Spal');
insert into tesserati(idTesserati,nome,cognome,scadenzaContratto,età,stipendio,nomeSquadra) values ('SPAGIO06','Iacopo','Sala','2020-06-30',28,750000,'Spal');
insert into tesserati(idTesserati,nome,cognome,scadenzaContratto,età,stipendio,nomeSquadra) values ('SPAGIO07','Arkadiusz','Reca','2020-06-30',24,950000,'Spal');
insert into tesserati(idTesserati,nome,cognome,scadenzaContratto,età,stipendio,nomeSquadra) values ('SPAGIO08','Bryan','Dabo','2020-06-30',27,1300000,'Spal');
insert into tesserati(idTesserati,nome,cognome,scadenzaContratto,età,stipendio,nomeSquadra) values ('SPAGIO09','Simone','Missiroli','2021-06-30',33,1000000,'Spal');
insert into tesserati(idTesserati,nome,cognome,scadenzaContratto,età,stipendio,nomeSquadra) values ('SPAGIO10','Alessandro','Murgia','2024-06-30',23,1000000,'Spal');
insert into tesserati(idTesserati,nome,cognome,scadenzaContratto,età,stipendio,nomeSquadra) values ('SPAGIO11','Mattia','Valoti','2021-06-30',26,1050000,'Spal');
insert into tesserati(idTesserati,nome,cognome,scadenzaContratto,età,stipendio,nomeSquadra) values ('SPAGIO12','Gabriel','Strefezza','2022-06-30',22,750000,'Spal');
insert into tesserati(idTesserati,nome,cognome,scadenzaContratto,età,stipendio,nomeSquadra) values ('SPAGIO13','Federico','Di Francesco','2020-06-30',25,1500000,'Spal');
insert into tesserati(idTesserati,nome,cognome,scadenzaContratto,età,stipendio,nomeSquadra) values ('SPAGIO14','Andrea','Petagna','2023-06-30',24,1800000,'Spal');
insert into tesserati(idTesserati,nome,cognome,scadenzaContratto,età,stipendio,nomeSquadra) values ('SPAGIO15','Alberto','Paloschi','2021-06-30',30,1000000,'Spal');
																																					  
insert into giocatore(idTesserati,ruolo,golFatti,golSubiti,assist,partiteGiocate,trofei,cartelliniGialli,cartelliniRossi) values ('SPAGIO01','Portiere',0,69,0,40,0,2,0);
insert into giocatore(idTesserati,ruolo,golFatti,golSubiti,assist,partiteGiocate,trofei,cartelliniGialli,cartelliniRossi) values ('SPAGIO02','Portiere',0,0,0,0,0,0,0);
insert into giocatore(idTesserati,ruolo,golFatti,golSubiti,assist,partiteGiocate,trofei,cartelliniGialli,cartelliniRossi) values ('SPAGIO03','Difensore',6,NULL,0,50,0,5,0);
insert into giocatore(idTesserati,ruolo,golFatti,golSubiti,assist,partiteGiocate,trofei,cartelliniGialli,cartelliniRossi) values ('SPAGIO04','Difensore',5,NULL,1,80,0,6,0);
insert into giocatore(idTesserati,ruolo,golFatti,golSubiti,assist,partiteGiocate,trofei,cartelliniGialli,cartelliniRossi) values ('SPAGIO05','Difensore',9,NULL,4,69,0,4,1);
insert into giocatore(idTesserati,ruolo,golFatti,golSubiti,assist,partiteGiocate,trofei,cartelliniGialli,cartelliniRossi) values ('SPAGIO06','Difensore',2,NULL,11,47,0,5,0);
insert into giocatore(idTesserati,ruolo,golFatti,golSubiti,assist,partiteGiocate,trofei,cartelliniGialli,cartelliniRossi) values ('SPAGIO07','Difensore',0,NULL,0,45,0,0,0);
insert into giocatore(idTesserati,ruolo,golFatti,golSubiti,assist,partiteGiocate,trofei,cartelliniGialli,cartelliniRossi) values ('SPAGIO08','Centrocampista',1,NULL,5,68,0,5,2);
insert into giocatore(idTesserati,ruolo,golFatti,golSubiti,assist,partiteGiocate,trofei,cartelliniGialli,cartelliniRossi) values ('SPAGIO09','Centrocampista',3,NULL,5,140,0,6,2);
insert into giocatore(idTesserati,ruolo,golFatti,golSubiti,assist,partiteGiocate,trofei,cartelliniGialli,cartelliniRossi) values ('SPAGIO10','Centrocampista',0,NULL,1,160,0,8,1);
insert into giocatore(idTesserati,ruolo,golFatti,golSubiti,assist,partiteGiocate,trofei,cartelliniGialli,cartelliniRossi) values ('SPAGIO11','Centrocampista',1,NULL,1,20,0,4,0);
insert into giocatore(idTesserati,ruolo,golFatti,golSubiti,assist,partiteGiocate,trofei,cartelliniGialli,cartelliniRossi) values ('SPAGIO12','Centrocampista',0,NULL,1,2,0,7,0);
insert into giocatore(idTesserati,ruolo,golFatti,golSubiti,assist,partiteGiocate,trofei,cartelliniGialli,cartelliniRossi) values ('SPAGIO13','Attaccante',12,NULL,6,55,0,2,1);
insert into giocatore(idTesserati,ruolo,golFatti,golSubiti,assist,partiteGiocate,trofei,cartelliniGialli,cartelliniRossi) values ('SPAGIO14','Attaccante',33,NULL,4,74,0,4,0);
insert into giocatore(idTesserati,ruolo,golFatti,golSubiti,assist,partiteGiocate,trofei,cartelliniGialli,cartelliniRossi) values ('SPAGIO15','Attaccante',25,NULL,0,105,0,2,0);

/* DIRIGENZA*/
insert into tesserati(idTesserati,nome,cognome,scadenzaContratto,età,stipendio,nomeSquadra) values ('TORDIR01','Urbano','Cairo',null,62,null,'Torino');
insert into tesserati(idTesserati,nome,cognome,scadenzaContratto,età,stipendio,nomeSquadra) values ('TORDIR02','Luca','Boccone',null,55,null,'Torino');
insert into tesserati(idTesserati,nome,cognome,scadenzaContratto,età,stipendio,nomeSquadra) values ('TORDIR03','Giuseppe','Santoro',null,52,null,'Torino');
insert into tesserati(idTesserati,nome,cognome,scadenzaContratto,età,stipendio,nomeSquadra) values ('TORDIR04','Antonio','Comi',null,55,null,'Torino');
insert into dirigenza(idTesserati,ruolo) values ('TORDIR01','Presidente');
insert into dirigenza(idTesserati,ruolo) values ('TORDIR02','Amministratore Delegato');
insert into dirigenza(idTesserati,ruolo) values ('TORDIR03','Direttore Sportivo');
insert into dirigenza(idTesserati,ruolo) values ('TORDIR04','Consigliere');
/* STAFF TECNICO*/
insert into tesserati(idTesserati,nome,cognome,scadenzaContratto,età,stipendio,nomeSquadra) values ('TORSTT01','Walter','Mazzari','2020-06-30',58,2500000,'Torino');
insert into tesserati(idTesserati,nome,cognome,scadenzaContratto,età,stipendio,nomeSquadra) values ('TORSTT02','Nicolò','Frustalupi','2020-06-30',43,250000,'Torino');
insert into tesserati(idTesserati,nome,cognome,scadenzaContratto,età,stipendio,nomeSquadra) values ('TORSTT03','Paolo','Di Sarno','2020-06-30',51,180000,'Torino');
insert into stafftecnico(idTesserati,ruolo) values ('TORSTT01','Allenatore');
insert into stafftecnico(idTesserati,ruolo) values ('TORSTT02','Allenatore in seconda');
insert into stafftecnico(idTesserati,ruolo) values ('TORSTT03','Allenatore dei portieri');
/* STAFF MEDICO*/
insert into tesserati(idTesserati,nome,cognome,scadenzaContratto,età,stipendio,nomeSquadra) values ('TORSTM01','Rodolfo','Tavana','2021-06-30',69,375000,'Torino');
insert into tesserati(idTesserati,nome,cognome,scadenzaContratto,età,stipendio,nomeSquadra) values ('TORSTM02','Paolo','Gola','2021-06-30',53,100000,'Torino');
insert into tesserati(idTesserati,nome,cognome,scadenzaContratto,età,stipendio,nomeSquadra) values ('TORSTM03','Eugenio','Piccoli','2021-06-30',64,50000,'Torino');
insert into staffmedico(idTesserati,specializzazione) values ('TORSTM01','Responsabile Sanitario');
insert into staffmedico(idTesserati,specializzazione) values ('TORSTM02','Recupero Infortuni');
insert into staffmedico(idTesserati,specializzazione) values ('TORSTM03','Fisioterapista');
/* GIOCATORI*/
insert into tesserati(idTesserati,nome,cognome,scadenzaContratto,età,stipendio,nomeSquadra) values ('TORGIO01','Salvatore','Sirigu','2022-06-30',33,1500000,'Torino');
insert into tesserati(idTesserati,nome,cognome,scadenzaContratto,età,stipendio,nomeSquadra) values ('TORGIO02','Samir','Ujcani','2020-06-30',31,550000,'Torino');
insert into tesserati(idTesserati,nome,cognome,scadenzaContratto,età,stipendio,nomeSquadra) values ('TORGIO03','Armando','Izzo','2024-06-30',27,1800000,'Torino');
insert into tesserati(idTesserati,nome,cognome,scadenzaContratto,età,stipendio,nomeSquadra) values ('TORGIO04','Kevin','Bonifazi','2022-06-30',23,1000000,'Torino');
insert into tesserati(idTesserati,nome,cognome,scadenzaContratto,età,stipendio,nomeSquadra) values ('TORGIO05','Nicolas','N koulou','2021-06-30',29,1900000,'Torino');
insert into tesserati(idTesserati,nome,cognome,scadenzaContratto,età,stipendio,nomeSquadra) values ('TORGIO06','Koffi','Djidji','2021-06-30',27,750000,'Torino');
insert into tesserati(idTesserati,nome,cognome,scadenzaContratto,età,stipendio,nomeSquadra) values ('TORGIO07','Ola','Aina','2023-06-30',23,1450000,'Torino');
insert into tesserati(idTesserati,nome,cognome,scadenzaContratto,età,stipendio,nomeSquadra) values ('TORGIO08','Tomas','Rincon','2021-06-30',32,1500000,'Torino');
insert into tesserati(idTesserati,nome,cognome,scadenzaContratto,età,stipendio,nomeSquadra) values ('TORGIO09','Daniele','Baselli','2022-06-30',27,1250000,'Torino');
insert into tesserati(idTesserati,nome,cognome,scadenzaContratto,età,stipendio,nomeSquadra) values ('TORGIO10','Sasa','Lukic','2023-06-30',23,1100000,'Torino');
insert into tesserati(idTesserati,nome,cognome,scadenzaContratto,età,stipendio,nomeSquadra) values ('TORGIO11','Diego','Laxalt','2020-06-30',26,1000000,'Torino');
insert into tesserati(idTesserati,nome,cognome,scadenzaContratto,età,stipendio,nomeSquadra) values ('TORGIO12','Alex','Berenguer','2022-06-30',24,1250000,'Torino');
insert into tesserati(idTesserati,nome,cognome,scadenzaContratto,età,stipendio,nomeSquadra) values ('TORGIO13','Simone','Zaza','2023-06-30',28,1900000,'Torino');
insert into tesserati(idTesserati,nome,cognome,scadenzaContratto,età,stipendio,nomeSquadra) values ('TORGIO14','Simone','Verdi','2024-06-30',27,2000000,'Torino');
insert into tesserati(idTesserati,nome,cognome,scadenzaContratto,età,stipendio,nomeSquadra) values ('TORGIO15','Andrea','Belotti','2022-06-30',26,2500000,'Torino');
																																					  
insert into giocatore(idTesserati,ruolo,golFatti,golSubiti,assist,partiteGiocate,trofei,cartelliniGialli,cartelliniRossi) values ('TORGIO01','Portiere',0,195,0,140,0,2,0);
insert into giocatore(idTesserati,ruolo,golFatti,golSubiti,assist,partiteGiocate,trofei,cartelliniGialli,cartelliniRossi) values ('TORGIO02','Portiere',0,10,0,6,0,0,0);
insert into giocatore(idTesserati,ruolo,golFatti,golSubiti,assist,partiteGiocate,trofei,cartelliniGialli,cartelliniRossi) values ('TORGIO03','Difensore',6,NULL,0,59,0,5,0);
insert into giocatore(idTesserati,ruolo,golFatti,golSubiti,assist,partiteGiocate,trofei,cartelliniGialli,cartelliniRossi) values ('TORGIO04','Difensore',5,NULL,1,82,0,6,0);
insert into giocatore(idTesserati,ruolo,golFatti,golSubiti,assist,partiteGiocate,trofei,cartelliniGialli,cartelliniRossi) values ('TORGIO05','Difensore',1,NULL,1,15,6,4,1);
insert into giocatore(idTesserati,ruolo,golFatti,golSubiti,assist,partiteGiocate,trofei,cartelliniGialli,cartelliniRossi) values ('TORGIO06','Difensore',6,NULL,1,97,0,5,0);
insert into giocatore(idTesserati,ruolo,golFatti,golSubiti,assist,partiteGiocate,trofei,cartelliniGialli,cartelliniRossi) values ('TORGIO07','Difensore',0,NULL,0,3,0,0,0);
insert into giocatore(idTesserati,ruolo,golFatti,golSubiti,assist,partiteGiocate,trofei,cartelliniGialli,cartelliniRossi) values ('TORGIO08','Centrocampista',2,NULL,5,180,1,5,2);
insert into giocatore(idTesserati,ruolo,golFatti,golSubiti,assist,partiteGiocate,trofei,cartelliniGialli,cartelliniRossi) values ('TORGIO09','Centrocampista',1,NULL,1,76,0,6,2);
insert into giocatore(idTesserati,ruolo,golFatti,golSubiti,assist,partiteGiocate,trofei,cartelliniGialli,cartelliniRossi) values ('TORGIO10','Centrocampista',26,NULL,12,189,0,8,1);
insert into giocatore(idTesserati,ruolo,golFatti,golSubiti,assist,partiteGiocate,trofei,cartelliniGialli,cartelliniRossi) values ('TORGIO11','Centrocampista',17,NULL,18,116,0,4,0);
insert into giocatore(idTesserati,ruolo,golFatti,golSubiti,assist,partiteGiocate,trofei,cartelliniGialli,cartelliniRossi) values ('TORGIO12','Centrocampista',3,NULL,2,18,0,7,0);
insert into giocatore(idTesserati,ruolo,golFatti,golSubiti,assist,partiteGiocate,trofei,cartelliniGialli,cartelliniRossi) values ('TORGIO13','Attaccante',75,NULL,5,120,1,2,1);
insert into giocatore(idTesserati,ruolo,golFatti,golSubiti,assist,partiteGiocate,trofei,cartelliniGialli,cartelliniRossi) values ('TORGIO14','Attaccante',12,NULL,5,84,0,4,0);
insert into giocatore(idTesserati,ruolo,golFatti,golSubiti,assist,partiteGiocate,trofei,cartelliniGialli,cartelliniRossi) values ('TORGIO15','Attaccante',65,NULL,2,105,0,2,0);

/* DIRIGENZA*/
insert into tesserati(idTesserati,nome,cognome,scadenzaContratto,età,stipendio,nomeSquadra) values ('UDIDIR01','Giampaolo','Pozzo',null,78,null,'Udinese');
insert into tesserati(idTesserati,nome,cognome,scadenzaContratto,età,stipendio,nomeSquadra) values ('UDIDIR02','Gino','Pozzo',null,44,null,'Udinese');
insert into tesserati(idTesserati,nome,cognome,scadenzaContratto,età,stipendio,nomeSquadra) values ('UDIDIR03','Pierpaolo','Marino',null,65,null,'Udinese');
insert into tesserati(idTesserati,nome,cognome,scadenzaContratto,età,stipendio,nomeSquadra) values ('UDIDIR04','Franco','Collavino',null,49,null,'Udinese');
insert into dirigenza(idTesserati,ruolo) values ('UDIDIR01','Presidente');
insert into dirigenza(idTesserati,ruolo) values ('UDIDIR02','Amministratore Delegato');
insert into dirigenza(idTesserati,ruolo) values ('UDIDIR03','Direttore Sportivo');
insert into dirigenza(idTesserati,ruolo) values ('UDIDIR04','Consigliere');
/* STAFF TECNICO*/
insert into tesserati(idTesserati,nome,cognome,scadenzaContratto,età,stipendio,nomeSquadra) values ('UDISTT01','Luca','Gotti','2020-06-30',52,1000000,'Udinese');
insert into tesserati(idTesserati,nome,cognome,scadenzaContratto,età,stipendio,nomeSquadra) values ('UDISTT02','Giampiero','Pinzi','2020-06-30',38,150000,'Udinese');
insert into tesserati(idTesserati,nome,cognome,scadenzaContratto,età,stipendio,nomeSquadra) values ('UDISTT03','Alex','Brunner','2020-06-30',46,30000,'Udinese');
insert into stafftecnico(idTesserati,ruolo) values ('UDISTT01','Allenatore');
insert into stafftecnico(idTesserati,ruolo) values ('UDISTT02','Allenatore in seconda');
insert into stafftecnico(idTesserati,ruolo) values ('UDISTT03','Allenatore dei portieri');
/* STAFF MEDICO*/
insert into tesserati(idTesserati,nome,cognome,scadenzaContratto,età,stipendio,nomeSquadra) values ('UDISTM01','Aldo','Passelli','2023-06-30',53,200000,'Udinese');
insert into tesserati(idTesserati,nome,cognome,scadenzaContratto,età,stipendio,nomeSquadra) values ('UDISTM02','Fabio','Tenore','2023-06-30',41,120000,'Udinese');
insert into tesserati(idTesserati,nome,cognome,scadenzaContratto,età,stipendio,nomeSquadra) values ('UDISTM03','Alessio','Lovisetto','2023-06-30',41,10000,'Udinese');
insert into staffmedico(idTesserati,specializzazione) values ('UDISTM01','Responsabile Sanitario');
insert into staffmedico(idTesserati,specializzazione) values ('UDISTM02','Recupero Infortuni');
insert into staffmedico(idTesserati,specializzazione) values ('UDISTM03','Fisioterapista');
/* GIOCATORI*/
insert into tesserati(idTesserati,nome,cognome,scadenzaContratto,età,stipendio,nomeSquadra) values ('UDIGIO01','Juan','Musso','2023-06-30',25,1200000,'Udinese');
insert into tesserati(idTesserati,nome,cognome,scadenzaContratto,età,stipendio,nomeSquadra) values ('UDIGIO02','Samuele','Perisan','2020-06-30',22,250000,'Udinese');
insert into tesserati(idTesserati,nome,cognome,scadenzaContratto,età,stipendio,nomeSquadra) values ('UDIGIO03','Rodrigo','Becao','2024-06-30',24,500000,'Udinese');
insert into tesserati(idTesserati,nome,cognome,scadenzaContratto,età,stipendio,nomeSquadra) values ('UDIGIO04','William','Troost-Ekong','2023-06-30',26,1200000,'Udinese');
insert into tesserati(idTesserati,nome,cognome,scadenzaContratto,età,stipendio,nomeSquadra) values ('UDIGIO05','Sebastien','De Maio','2022-06-30',32,750000,'Udinese');
insert into tesserati(idTesserati,nome,cognome,scadenzaContratto,età,stipendio,nomeSquadra) values ('UDIGIO06','Jens','Stryger Larsen','2022-06-30',28,1150000,'Udinese');
insert into tesserati(idTesserati,nome,cognome,scadenzaContratto,età,stipendio,nomeSquadra) values ('UDIGIO07','Nicholas','Opoku','2022-06-30',22,750000,'Udinese');
insert into tesserati(idTesserati,nome,cognome,scadenzaContratto,età,stipendio,nomeSquadra) values ('UDIGIO08','Rolando','Mandragora','2023-06-30',22,1700000,'Udinese');
insert into tesserati(idTesserati,nome,cognome,scadenzaContratto,età,stipendio,nomeSquadra) values ('UDIGIO09','Seko','Fofana','2022-06-30',24,1550000,'Udinese');
insert into tesserati(idTesserati,nome,cognome,scadenzaContratto,età,stipendio,nomeSquadra) values ('UDIGIO10','Ken','Sema','2020-06-30',26,1000000,'Udinese');
insert into tesserati(idTesserati,nome,cognome,scadenzaContratto,età,stipendio,nomeSquadra) values ('UDIGIO11','Rodrigo','De Paul','2024-06-30',25,1800000,'Udinese');
insert into tesserati(idTesserati,nome,cognome,scadenzaContratto,età,stipendio,nomeSquadra) values ('UDIGIO12','Mato','Jajalo','2022-06-30',31,1000000,'Udinese');
insert into tesserati(idTesserati,nome,cognome,scadenzaContratto,età,stipendio,nomeSquadra) values ('UDIGIO13','Kevin','Lasagna','2023-06-30',27,1500000,'Udinese');
insert into tesserati(idTesserati,nome,cognome,scadenzaContratto,età,stipendio,nomeSquadra) values ('UDIGIO14','Stefano','Okaka','2022-06-30',30,1800000,'Udinese');
insert into tesserati(idTesserati,nome,cognome,scadenzaContratto,età,stipendio,nomeSquadra) values ('UDIGIO15','Ilija','Nestorovski','2022-06-30',29,1200000,'Udinese');
																																					  
insert into giocatore(idTesserati,ruolo,golFatti,golSubiti,assist,partiteGiocate,trofei,cartelliniGialli,cartelliniRossi) values ('UDIGIO01','Portiere',0,95,0,76,0,2,0);
insert into giocatore(idTesserati,ruolo,golFatti,golSubiti,assist,partiteGiocate,trofei,cartelliniGialli,cartelliniRossi) values ('UDIGIO02','Portiere',0,0,0,0,0,0,0);
insert into giocatore(idTesserati,ruolo,golFatti,golSubiti,assist,partiteGiocate,trofei,cartelliniGialli,cartelliniRossi) values ('UDIGIO03','Difensore',1,NULL,0,7,0,2,0);
insert into giocatore(idTesserati,ruolo,golFatti,golSubiti,assist,partiteGiocate,trofei,cartelliniGialli,cartelliniRossi) values ('UDIGIO04','Difensore',2,NULL,1,82,0,6,0);
insert into giocatore(idTesserati,ruolo,golFatti,golSubiti,assist,partiteGiocate,trofei,cartelliniGialli,cartelliniRossi) values ('UDIGIO05','Difensore',0,NULL,0,12,0,2,1);
insert into giocatore(idTesserati,ruolo,golFatti,golSubiti,assist,partiteGiocate,trofei,cartelliniGialli,cartelliniRossi) values ('UDIGIO06','Difensore',1,NULL,1,97,0,5,0);
insert into giocatore(idTesserati,ruolo,golFatti,golSubiti,assist,partiteGiocate,trofei,cartelliniGialli,cartelliniRossi) values ('UDIGIO07','Difensore',0,NULL,0,3,0,0,0);
insert into giocatore(idTesserati,ruolo,golFatti,golSubiti,assist,partiteGiocate,trofei,cartelliniGialli,cartelliniRossi) values ('UDIGIO08','Centrocampista',1,NULL,5,65,1,5,1);
insert into giocatore(idTesserati,ruolo,golFatti,golSubiti,assist,partiteGiocate,trofei,cartelliniGialli,cartelliniRossi) values ('UDIGIO09','Centrocampista',4,NULL,5,87,0,6,2);
insert into giocatore(idTesserati,ruolo,golFatti,golSubiti,assist,partiteGiocate,trofei,cartelliniGialli,cartelliniRossi) values ('UDIGIO10','Centrocampista',3,NULL,1,59,0,8,1);
insert into giocatore(idTesserati,ruolo,golFatti,golSubiti,assist,partiteGiocate,trofei,cartelliniGialli,cartelliniRossi) values ('UDIGIO11','Centrocampista',17,NULL,12,116,0,6,3);
insert into giocatore(idTesserati,ruolo,golFatti,golSubiti,assist,partiteGiocate,trofei,cartelliniGialli,cartelliniRossi) values ('UDIGIO12','Centrocampista',1,NULL,2,18,0,5,0);
insert into giocatore(idTesserati,ruolo,golFatti,golSubiti,assist,partiteGiocate,trofei,cartelliniGialli,cartelliniRossi) values ('UDIGIO13','Attaccante',36,NULL,5,111,0,2,1);
insert into giocatore(idTesserati,ruolo,golFatti,golSubiti,assist,partiteGiocate,trofei,cartelliniGialli,cartelliniRossi) values ('UDIGIO14','Attaccante',23,NULL,2,74,0,9,0);
insert into giocatore(idTesserati,ruolo,golFatti,golSubiti,assist,partiteGiocate,trofei,cartelliniGialli,cartelliniRossi) values ('UDIGIO15','Attaccante',13,NULL,0,40,0,2,0);

/* DIRIGENZA*/
insert into tesserati(idTesserati,nome,cognome,scadenzaContratto,età,stipendio,nomeSquadra) values ('VERDIR01','Maurizio','Setti',null,56,null,'Verona');
insert into tesserati(idTesserati,nome,cognome,scadenzaContratto,età,stipendio,nomeSquadra) values ('VERDIR02','Pierluigi','Marzola',null,65,null,'Verona');
insert into tesserati(idTesserati,nome,cognome,scadenzaContratto,età,stipendio,nomeSquadra) values ('VERDIR03','Tony','D amico',null,39,null,'Verona');
insert into tesserati(idTesserati,nome,cognome,scadenzaContratto,età,stipendio,nomeSquadra) values ('VERDIR04','Alessandro','Mazzola',null,50,null,'Verona');
insert into dirigenza(idTesserati,ruolo) values ('VERDIR01','Presidente');
insert into dirigenza(idTesserati,ruolo) values ('VERDIR02','Amministratore Delegato');
insert into dirigenza(idTesserati,ruolo) values ('VERDIR03','Direttore Sportivo');
insert into dirigenza(idTesserati,ruolo) values ('VERDIR04','Consigliere');
/* STAFF TECNICO*/
insert into tesserati(idTesserati,nome,cognome,scadenzaContratto,età,stipendio,nomeSquadra) values ('VERSTT01','Ivan','Juric','2020-06-30',44,1200000,'Verona');
insert into tesserati(idTesserati,nome,cognome,scadenzaContratto,età,stipendio,nomeSquadra) values ('VERSTT02','Matteo','Paro','2020-06-30',36,110000,'Verona');
insert into tesserati(idTesserati,nome,cognome,scadenzaContratto,età,stipendio,nomeSquadra) values ('VERSTT03','Massimo','Cataldi','2020-06-30',45,30000,'Verona');
insert into stafftecnico(idTesserati,ruolo) values ('VERSTT01','Allenatore');
insert into stafftecnico(idTesserati,ruolo) values ('VERSTT02','Allenatore in seconda');
insert into stafftecnico(idTesserati,ruolo) values ('VERSTT03','Allenatore dei portieri');
/* STAFF MEDICO*/
insert into tesserati(idTesserati,nome,cognome,scadenzaContratto,età,stipendio,nomeSquadra) values ('VERSTM01','Dario','Donato','2020-06-30',63,100000,'Verona');
insert into tesserati(idTesserati,nome,cognome,scadenzaContratto,età,stipendio,nomeSquadra) values ('VERSTM02','Paolo','Righi','2020-06-30',47,50000,'Verona');
insert into tesserati(idTesserati,nome,cognome,scadenzaContratto,età,stipendio,nomeSquadra) values ('VERSTM03','Giampaolo','Cau','2020-06-30',42,12000,'Verona');
insert into staffmedico(idTesserati,specializzazione) values ('VERSTM01','Responsabile Sanitario');
insert into staffmedico(idTesserati,specializzazione) values ('VERSTM02','Recupero Infortuni');
insert into staffmedico(idTesserati,specializzazione) values ('VERSTM03','Fisioterapista');
/* GIOCATORI*/
insert into tesserati(idTesserati,nome,cognome,scadenzaContratto,età,stipendio,nomeSquadra) values ('VERGIO01','Marco','Silvestri','2021-06-30',28,500000,'Verona');
insert into tesserati(idTesserati,nome,cognome,scadenzaContratto,età,stipendio,nomeSquadra) values ('VERGIO02','Boris','Radunovic','2020-06-30',23,50000,'Verona');
insert into tesserati(idTesserati,nome,cognome,scadenzaContratto,età,stipendio,nomeSquadra) values ('VERGIO03','Marash','Kumbulla','2022-06-30',19,400000,'Verona');
insert into tesserati(idTesserati,nome,cognome,scadenzaContratto,età,stipendio,nomeSquadra) values ('VERGIO04','Amir','Rrahmani','2023-06-30',25,500000,'Verona');
insert into tesserati(idTesserati,nome,cognome,scadenzaContratto,età,stipendio,nomeSquadra) values ('VERGIO05','Koray','Gunter','2020-06-30',25,400000,'Verona');
insert into tesserati(idTesserati,nome,cognome,scadenzaContratto,età,stipendio,nomeSquadra) values ('VERGIO06','Salvatore','Bocchetti','2021-06-30',33,550000,'Verona');
insert into tesserati(idTesserati,nome,cognome,scadenzaContratto,età,stipendio,nomeSquadra) values ('VERGIO07','Davide','Faraoni','2022-06-30',28,650000,'Verona');
insert into tesserati(idTesserati,nome,cognome,scadenzaContratto,età,stipendio,nomeSquadra) values ('VERGIO08','Miguel','Veloso','2020-06-30',33,1000000,'Verona');
insert into tesserati(idTesserati,nome,cognome,scadenzaContratto,età,stipendio,nomeSquadra) values ('VERGIO09','Sofyan','Amrabat','2020-06-30',23,650000,'Verona');
insert into tesserati(idTesserati,nome,cognome,scadenzaContratto,età,stipendio,nomeSquadra) values ('VERGIO10','Mattia','Zaccagni','2022-06-30',24,400000,'Verona');
insert into tesserati(idTesserati,nome,cognome,scadenzaContratto,età,stipendio,nomeSquadra) values ('VERGIO11','Matteo','Pessina','2020-06-30',22,500000,'Verona');
insert into tesserati(idTesserati,nome,cognome,scadenzaContratto,età,stipendio,nomeSquadra) values ('VERGIO12','Darko','Lazovic','2022-06-30',29,950000,'Verona');
insert into tesserati(idTesserati,nome,cognome,scadenzaContratto,età,stipendio,nomeSquadra) values ('VERGIO13','Fabio','Borini','2020-06-30',28,1200000,'Verona');
insert into tesserati(idTesserati,nome,cognome,scadenzaContratto,età,stipendio,nomeSquadra) values ('VERGIO14','Eddie','Salcedo','2020-06-30',18,200000,'Verona');
insert into tesserati(idTesserati,nome,cognome,scadenzaContratto,età,stipendio,nomeSquadra) values ('VERGIO15','Giampaolo','Pazzini','2020-06-30',35,1000000,'Verona');
																																					  
insert into giocatore(idTesserati,ruolo,golFatti,golSubiti,assist,partiteGiocate,trofei,cartelliniGialli,cartelliniRossi) values ('VERGIO01','Portiere',0,22,0,20,0,0,0);
insert into giocatore(idTesserati,ruolo,golFatti,golSubiti,assist,partiteGiocate,trofei,cartelliniGialli,cartelliniRossi) values ('VERGIO02','Portiere',0,0,0,0,0,0,0);
insert into giocatore(idTesserati,ruolo,golFatti,golSubiti,assist,partiteGiocate,trofei,cartelliniGialli,cartelliniRossi) values ('VERGIO03','Difensore',1,NULL,0,15,0,5,1);
insert into giocatore(idTesserati,ruolo,golFatti,golSubiti,assist,partiteGiocate,trofei,cartelliniGialli,cartelliniRossi) values ('VERGIO04','Difensore',0,NULL,0,20,0,2,0);
insert into giocatore(idTesserati,ruolo,golFatti,golSubiti,assist,partiteGiocate,trofei,cartelliniGialli,cartelliniRossi) values ('VERGIO05','Difensore',1,NULL,0,45,0,4,1);
insert into giocatore(idTesserati,ruolo,golFatti,golSubiti,assist,partiteGiocate,trofei,cartelliniGialli,cartelliniRossi) values ('VERGIO06','Difensore',2,NULL,1,35,0,5,0);
insert into giocatore(idTesserati,ruolo,golFatti,golSubiti,assist,partiteGiocate,trofei,cartelliniGialli,cartelliniRossi) values ('VERGIO07','Difensore',2,NULL,7,50,0,7,0);
insert into giocatore(idTesserati,ruolo,golFatti,golSubiti,assist,partiteGiocate,trofei,cartelliniGialli,cartelliniRossi) values ('VERGIO08','Centrocampista',7,NULL,10,118,0,7,2);
insert into giocatore(idTesserati,ruolo,golFatti,golSubiti,assist,partiteGiocate,trofei,cartelliniGialli,cartelliniRossi) values ('VERGIO09','Centrocampista',0,NULL,0,20,0,6,0);
insert into giocatore(idTesserati,ruolo,golFatti,golSubiti,assist,partiteGiocate,trofei,cartelliniGialli,cartelliniRossi) values ('VERGIO10','Centrocampista',2,NULL,1,20,0,4,0);
insert into giocatore(idTesserati,ruolo,golFatti,golSubiti,assist,partiteGiocate,trofei,cartelliniGialli,cartelliniRossi) values ('VERGIO11','Centrocampista',3,NULL,1,17,0,3,0);
insert into giocatore(idTesserati,ruolo,golFatti,golSubiti,assist,partiteGiocate,trofei,cartelliniGialli,cartelliniRossi) values ('VERGIO12','Centrocampista',5,NULL,10,70,0,7,1);
insert into giocatore(idTesserati,ruolo,golFatti,golSubiti,assist,partiteGiocate,trofei,cartelliniGialli,cartelliniRossi) values ('VERGIO13','Attaccante',2,NULL,2,11,0,2,1);
insert into giocatore(idTesserati,ruolo,golFatti,golSubiti,assist,partiteGiocate,trofei,cartelliniGialli,cartelliniRossi) values ('VERGIO14','Attaccante',1,NULL,0,10,0,0,0);
insert into giocatore(idTesserati,ruolo,golFatti,golSubiti,assist,partiteGiocate,trofei,cartelliniGialli,cartelliniRossi) values ('VERGIO15','Attaccante',99,NULL,11,205,0,8,0);


